Sbj,Acq,File,SSIM,PSNR,FSIM,VIF,LPIPS,AES,TG,NGS,GE,IE
02-12-2020,MID00234,flirt_tclmoco.nii.gz,0.9961455464363098,39.37815856933594,0.9970334768295288,0.6306349039077759,0.008303478360176086,0.012034929182443376,0.7249533454106305,0.0005676533299196466,413.94552578606084,566.5401000976562
02-12-2020,MID00234,flirt_tclmocos.nii.gz,0.9964034557342529,39.508365631103516,0.9973901510238647,0.6371347904205322,0.007663262076675892,0.011992793000759646,0.7225691255486837,0.0005661231406051611,413.69852582614743,566.4834594726562
02-12-2020,MID00234,flirt_nomoco.nii.gz,1.0,inf,1.0,1.0,0.0,0.012267986757592558,0.7450650592073865,0.0005741443838687026,412.916643966908,565.3252563476562
02-12-2020,MID00234,flirt_ref.nii.gz,1.0,inf,1.0,1.0,0.0,0.012267986757592558,0.7450650592073865,0.0005741443838687026,412.916643966908,565.3252563476562
02-12-2020,MID00234,flirt_fnmoco.nii.gz,0.9992742538452148,47.6151237487793,0.9994935989379883,0.7833623290061951,0.0015476918779313564,0.012098247613410777,0.7451274571041864,0.0005774250513542436,412.4071761671244,565.1276245117188
02-12-2020,MID00234,flirt_fnWMmoco.nii.gz,0.9992642998695374,47.55295181274414,0.9994884729385376,0.7804164290428162,0.0016098181949928403,0.012126465316659318,0.7452967938879331,0.0005774421919340076,412.42766885487515,565.126220703125
02-12-2020,MID00235,flirt_tclmoco.nii.gz,0.9765622019767761,34.356388092041016,0.9878368377685547,0.4659120440483093,0.0442509762942791,0.011514900068487193,0.6950984480630875,0.0005362308901903427,418.7957157397976,568.716796875
02-12-2020,MID00235,flirt_tclmocos.nii.gz,0.9772292971611023,34.313167572021484,0.9883295297622681,0.4685649275779724,0.044005971401929855,0.011513450019203815,0.7026603811219677,0.0005443661865466814,418.13459710260935,568.813720703125
02-12-2020,MID00235,flirt_nomoco.nii.gz,0.9693349599838257,32.51560974121094,0.9845911860466003,0.41572824120521545,0.06040173023939133,0.011950195892970516,0.739037754145696,0.0005736973470756684,418.6970961570794,569.120849609375
02-12-2020,MID00235,flirt_ref.nii.gz,1.0,inf,1.0,1.0,0.0,0.012267986757592558,0.7450650592073865,0.0005741443838687026,412.916643966908,565.3252563476562
02-12-2020,MID00235,flirt_fnmoco.nii.gz,0.9740210771560669,34.35997772216797,0.9872713685035706,0.4526829123497009,0.048594675958156586,0.01198030301464705,0.7244204691323979,0.0005552258506443444,418.73741645621243,568.5476684570312
02-12-2020,MID00235,flirt_fnWMmoco.nii.gz,0.9744863510131836,34.342288970947266,0.987518310546875,0.45578932762145996,0.04832205921411514,0.011892476066326318,0.7208282334285406,0.0005531412561726718,418.403277413573,568.6529541015625
02-12-2020,MID00237,flirt_tclmoco.nii.gz,0.9560351371765137,31.09908103942871,0.9788094162940979,0.370795875787735,0.07299438863992691,0.011594504517158051,0.697386516744797,0.0005428458899883623,425.4206958289019,572.7445678710938
02-12-2020,MID00237,flirt_tclmocos.nii.gz,0.9557988047599792,31.003219604492188,0.9787692427635193,0.37093961238861084,0.07275942713022232,0.011688005418853986,0.7012691928932048,0.0005439734175040108,425.33685757431357,572.793701171875
02-12-2020,MID00237,flirt_nomoco.nii.gz,0.9534053802490234,30.188304901123047,0.9779682159423828,0.3634466230869293,0.0746058002114296,0.012083552409761724,0.7138467589412101,0.000547637381269262,423.7440443277647,572.7838134765625
02-12-2020,MID00237,flirt_ref.nii.gz,1.0,inf,1.0,1.0,0.0,0.012267986757592558,0.7450650592073865,0.0005741443838687026,412.916643966908,565.3252563476562
02-12-2020,MID00237,flirt_fnmoco.nii.gz,0.9548006057739258,30.461742401123047,0.97840815782547,0.37376126646995544,0.0756034106016159,0.012095287434560523,0.7106540580519651,0.0005524181920198415,421.6385281006212,573.1619262695312
02-12-2020,MID00237,flirt_fnWMmoco.nii.gz,0.9549200534820557,30.408613204956055,0.978499174118042,0.37236708402633667,0.07424008101224899,0.011992546054876145,0.7084925084398545,0.0005504620768728149,422.2033762313655,573.4495849609375
11-11-2020,MID00367,flirt_tclmoco.nii.gz,0.9790635108947754,33.468711853027344,0.9869680404663086,0.4017554223537445,0.03424825146794319,0.013396214300589425,0.8442717068963864,0.000587736576689763,433.0341858796551,536.6165161132812
11-11-2020,MID00367,flirt_tclmocos.nii.gz,0.980073094367981,33.38894271850586,0.9873090982437134,0.40557292103767395,0.032617002725601196,0.013546446108519556,0.8328607875287766,0.0005911443141463766,431.544618329342,537.0922241210938
11-11-2020,MID00367,flirt_nomoco.nii.gz,1.0,inf,1.0,1.0,0.0,0.014059117164990342,0.9440109077982329,0.0006089031061718284,430.95653675268323,534.5811767578125
11-11-2020,MID00367,flirt_ref.nii.gz,1.0,inf,1.0,1.0,0.0,0.014059117164990342,0.9440109077982329,0.0006089031061718284,430.95653675268323,534.5811767578125
11-11-2020,MID00367,flirt_fnmoco.nii.gz,0.9984253644943237,44.28900909423828,0.9990250468254089,0.7349367737770081,0.004179967567324638,0.013928295787417014,0.9435995862748549,0.0006124192255122143,430.7880659615398,534.5974731445312
11-11-2020,MID00367,flirt_fnWMmoco.nii.gz,0.9983469843864441,44.35615539550781,0.9990237355232239,0.7255585193634033,0.004315296187996864,0.0140000479756616,0.9460996537974623,0.000612972643852788,430.9705129953389,534.5999755859375
11-11-2020,MID00370,flirt_tclmoco.nii.gz,0.9495641589164734,28.04288101196289,0.9730749726295471,0.25932830572128296,0.06423401087522507,0.012463417300250256,0.7898977873067204,0.0005804393217451244,431.7845198776053,539.4061889648438
11-11-2020,MID00370,flirt_tclmocos.nii.gz,0.9507007598876953,28.159658432006836,0.9736746549606323,0.26238295435905457,0.06294510513544083,0.012750632821138695,0.7880868268903496,0.0005786092475173239,431.7674638483945,539.3600463867188
11-11-2020,MID00370,flirt_nomoco.nii.gz,0.9041548371315002,25.536996841430664,0.959883451461792,0.21701715886592865,0.0870511457324028,0.012135591756817646,0.7212274727014009,0.0005623335577863262,435.7840846441932,541.8208618164062
11-11-2020,MID00370,flirt_ref.nii.gz,1.0,inf,1.0,1.0,0.0,0.014059117164990342,0.9440109077982329,0.0006089031061718284,430.95653675268323,534.5811767578125
11-11-2020,MID00370,flirt_fnmoco.nii.gz,0.9374008178710938,27.99411964416504,0.9693350195884705,0.2662222385406494,0.07140851020812988,0.012823581090550323,0.7701801406002868,0.0005751428920657729,433.0845058211759,539.8140258789062
11-11-2020,MID00370,flirt_fnWMmoco.nii.gz,0.9507532715797424,29.34305191040039,0.9750040769577026,0.29662927985191345,0.06372424960136414,0.012730845774677323,0.7957010013170186,0.0005777825745571154,433.54863650188616,539.5451049804688
11-11-2020,MID00371,flirt_tclmoco.nii.gz,0.9333377480506897,27.214313507080078,0.9658817648887634,0.22659985721111298,0.08218596875667572,0.012880265593431733,0.7679724788686297,0.0005670327657119454,430.1770798086646,540.319091796875
11-11-2020,MID00371,flirt_tclmocos.nii.gz,0.9341731071472168,27.25133514404297,0.9661991596221924,0.22842223942279816,0.0789666473865509,0.012608888994452555,0.775213293500873,0.0005729915401810373,430.6991115343999,540.3604736328125
11-11-2020,MID00371,flirt_nomoco.nii.gz,0.8860009908676147,24.697114944458008,0.954986035823822,0.1766529381275177,0.10130314528942108,0.012201245079230604,0.7352252457196865,0.0005844095079413838,430.2658168978803,542.6403198242188
11-11-2020,MID00371,flirt_ref.nii.gz,1.0,inf,1.0,1.0,0.0,0.014059117164990342,0.9440109077982329,0.0006089031061718284,430.95653675268323,534.5811767578125
11-11-2020,MID00371,flirt_fnmoco.nii.gz,0.9256638884544373,27.387081146240234,0.9664835929870605,0.23883388936519623,0.08127272129058838,0.01266796488281463,0.7646989454824408,0.0005871405016722779,432.6221610937035,540.3082885742188
11-11-2020,MID00371,flirt_fnWMmoco.nii.gz,0.9451257586479187,28.87139320373535,0.9735513925552368,0.2712914049625397,0.06926359981298447,0.012658686667596368,0.7845639660849287,0.0005669462607083933,434.82367880515966,539.6058349609375
18-11-2020,MID00291,flirt_tclmoco.nii.gz,0.9822674989700317,34.37445831298828,0.9886950254440308,0.4494936764240265,0.03502756357192993,0.013266023698219427,0.8260263873339789,0.0005682935733379672,430.8406833624041,538.5977783203125
18-11-2020,MID00291,flirt_tclmocos.nii.gz,0.9854748845100403,35.11614227294922,0.9902195334434509,0.46515023708343506,0.028134431689977646,0.013683891546359376,0.8388954184178625,0.0005523070600848787,430.9821419728658,537.5492553710938
18-11-2020,MID00291,flirt_nomoco.nii.gz,1.0,inf,1.0,0.9999998807907104,0.0,0.013889487344349466,0.9012821417937595,0.0005740656149220543,427.18829739354857,535.9539184570312
18-11-2020,MID00291,flirt_ref.nii.gz,1.0,inf,1.0,0.9999998807907104,0.0,0.013889487344349466,0.9012821417937595,0.0005740656149220543,427.18829739354857,535.9539184570312
18-11-2020,MID00291,flirt_fnmoco.nii.gz,0.9994407892227173,48.978004455566406,0.999609112739563,0.8278101086616516,0.001465930137783289,0.013796588878372772,0.900251865770388,0.0005770957044326243,426.84060457822346,536.153076171875
18-11-2020,MID00291,flirt_fnWMmoco.nii.gz,0.9994178414344788,48.7617073059082,0.999520480632782,0.8088144659996033,0.001353533356450498,0.013797656918184712,0.8972637694525311,0.0005766382207585468,426.9239279832293,536.2103881835938
18-11-2020,MID00294,flirt_tclmoco.nii.gz,0.9435098171234131,28.633758544921875,0.970105767250061,0.2606867253780365,0.08210000395774841,0.012294078018839479,0.7610199599119113,0.0005358839630959937,435.79984091791613,541.2459106445312
18-11-2020,MID00294,flirt_tclmocos.nii.gz,0.9478243589401245,29.18585205078125,0.9721892476081848,0.2780773639678955,0.07932563871145248,0.012327081213140108,0.7787105371137529,0.0005470186369702894,434.66293677629585,540.816650390625
18-11-2020,MID00294,flirt_nomoco.nii.gz,0.9250571727752686,26.64676856994629,0.9638822078704834,0.2377750128507614,0.08861419558525085,0.012599528270498353,0.6354077488392599,0.0005032361768264524,430.3588353990219,540.915771484375
18-11-2020,MID00294,flirt_ref.nii.gz,1.0,inf,1.0,0.9999998807907104,0.0,0.013889487344349466,0.9012821417937595,0.0005740656149220543,427.18829739354857,535.9539184570312
18-11-2020,MID00294,flirt_fnmoco.nii.gz,0.9425197839736938,28.580669403076172,0.9708954095840454,0.27333489060401917,0.07868248969316483,0.012830918806963862,0.740677369517523,0.0005552185519509803,432.68353454074565,540.259765625
18-11-2020,MID00294,flirt_fnWMmoco.nii.gz,0.9595003128051758,30.512392044067383,0.9780287742614746,0.3277251124382019,0.062095653265714645,0.01294898296354428,0.7786302167139794,0.0005463135351721599,433.93853453672136,539.5415649414062
18-11-2020,MID00295,flirt_tclmoco.nii.gz,0.9520896077156067,30.010498046875,0.974960207939148,0.31186938285827637,0.07292115688323975,0.012245930289279856,0.770594210191541,0.0005343978900283793,433.8466220770076,540.0481567382812
18-11-2020,MID00295,flirt_tclmocos.nii.gz,0.9538546800613403,30.0417537689209,0.9762388467788696,0.3189000189304352,0.06804177910089493,0.012179301120483522,0.7761756128714925,0.0005427659376129558,432.7775332027726,540.0399169921875
18-11-2020,MID00295,flirt_nomoco.nii.gz,0.907941997051239,25.951692581176758,0.9600725769996643,0.2034032940864563,0.09478071331977844,0.012695119334487604,0.6369412724913665,0.0005189731832111723,421.6524298040262,542.4617919921875
18-11-2020,MID00295,flirt_ref.nii.gz,1.0,inf,1.0,0.9999998807907104,0.0,0.013889487344349466,0.9012821417937595,0.0005740656149220543,427.18829739354857,535.9539184570312
18-11-2020,MID00295,flirt_fnmoco.nii.gz,0.9317017197608948,27.736778259277344,0.9668711423873901,0.2531212866306305,0.08074770122766495,0.012640206984874364,0.7400844617510058,0.0005619406018415729,429.4261744889893,540.6286010742188
18-11-2020,MID00295,flirt_fnWMmoco.nii.gz,0.9515225887298584,29.45986557006836,0.9743297696113586,0.3003811538219452,0.06799418479204178,0.01264847974703307,0.7635798287281179,0.0005452788706559919,433.9856707272919,539.8706665039062
19-02-2021,MID00253,flirt_tclmoco.nii.gz,0.9953136444091797,39.97572326660156,0.996234118938446,0.6269553303718567,0.008508721366524696,0.012707547640944193,0.7775668593388975,0.0005138790128779034,449.80546727912525,554.4896240234375
19-02-2021,MID00253,flirt_tclmocos.nii.gz,0.9958142638206482,40.63862609863281,0.996393084526062,0.6325973272323608,0.006940830498933792,0.012748316623785777,0.7993510666881829,0.0005194440707862051,450.7360437150046,554.1245727539062
19-02-2021,MID00253,flirt_nomoco.nii.gz,1.0,inf,1.0,1.0,0.0,0.012906274975266705,0.8167305481750962,0.0005258776013103132,450.1107678044963,553.6324462890625
19-02-2021,MID00253,flirt_ref.nii.gz,1.0,inf,1.0,1.0,0.0,0.012906274975266705,0.8167305481750962,0.0005258776013103132,450.1107678044963,553.6324462890625
19-02-2021,MID00253,flirt_fnmoco.nii.gz,0.9989111423492432,46.04771041870117,0.9995248317718506,0.7921070456504822,0.0014553875662386417,0.012870639874959677,0.8142436357330473,0.0005248764396174535,449.95367984762737,553.7140502929688
19-02-2021,MID00253,flirt_fnWMmoco.nii.gz,0.9989843964576721,46.91728973388672,0.9995166659355164,0.7955543398857117,0.0015222410438582301,0.012798527522171341,0.8065540817012522,0.0005248591820671832,449.7906248123705,553.8781127929688
19-02-2021,MID00254,flirt_tclmoco.nii.gz,0.969906210899353,31.9354248046875,0.9820640683174133,0.3930070400238037,0.04150946065783501,0.011961971904532078,0.7152972602865648,0.0005034460632852456,454.040367732082,557.2032470703125
19-02-2021,MID00254,flirt_tclmocos.nii.gz,0.9715757369995117,32.239044189453125,0.9829699397087097,0.4022606611251831,0.03988420218229294,0.011713952485541922,0.7154873023301149,0.0005042069733362056,453.6562105678132,557.1611938476562
19-02-2021,MID00254,flirt_nomoco.nii.gz,0.9617158770561218,30.15699577331543,0.9771347641944885,0.34236598014831543,0.05402282252907753,0.011839327533209366,0.7026601421117205,0.000510233720343351,453.32427420312376,556.8079833984375
19-02-2021,MID00254,flirt_ref.nii.gz,1.0,inf,1.0,1.0,0.0,0.012906274975266705,0.8167305481750962,0.0005258776013103132,450.1107678044963,553.6324462890625
19-02-2021,MID00254,flirt_fnmoco.nii.gz,0.9673753976821899,31.35117530822754,0.9808369874954224,0.3738527297973633,0.04515830799937248,0.011812624152720028,0.7197687272961327,0.0005132976601166355,453.72710768181,556.6962890625
19-02-2021,MID00254,flirt_fnWMmoco.nii.gz,0.9693382382392883,31.797637939453125,0.9819475412368774,0.3861543536186218,0.04069804772734642,0.011858878344746077,0.7219754316689523,0.0005077394705969005,453.9578742407646,556.7194213867188
19-02-2021,MID00256,flirt_tclmoco.nii.gz,0.9657986164093018,30.402751922607422,0.9780076146125793,0.3623450696468353,0.052328623831272125,0.011449392044839237,0.6180461096388193,0.00046518948940629725,452.68978380957293,557.9607543945312
19-02-2021,MID00256,flirt_tclmocos.nii.gz,0.9666714668273926,30.50131607055664,0.9785349369049072,0.364086776971817,0.052872274070978165,0.011318819534128574,0.6191422342157671,0.00046391731193953453,453.1483274343371,557.9075317382812
19-02-2021,MID00256,flirt_nomoco.nii.gz,0.9348949790000916,27.007734298706055,0.9626249074935913,0.2665458917617798,0.07622116059064865,0.011702564165072262,0.5808704741780293,0.0005227813973748197,436.04469331243894,560.2677001953125
19-02-2021,MID00256,flirt_ref.nii.gz,1.0,inf,1.0,1.0,0.0,0.012906274975266705,0.8167305481750962,0.0005258776013103132,450.1107678044963,553.6324462890625
19-02-2021,MID00256,flirt_fnmoco.nii.gz,0.9621626138687134,29.781036376953125,0.9761355519294739,0.3404894173145294,0.05240952968597412,0.011412157372121996,0.682973944802115,0.0005305711824809187,447.58959627477805,557.7811279296875
19-02-2021,MID00256,flirt_fnWMmoco.nii.gz,0.9698167443275452,31.46306800842285,0.9816001057624817,0.3785557150840759,0.04198387265205383,0.01196229023191576,0.6946262640767861,0.0004989215804383255,452.0515441036724,556.739990234375
19-02-2021,MID00257,flirt_tclmoco.nii.gz,0.980631947517395,34.40910720825195,0.9870550632476807,0.4572206139564514,0.03717033937573433,0.011577936502575752,0.6725233195166533,0.0004977763090326596,452.1643451239315,557.0845336914062
19-02-2021,MID00257,flirt_tclmocos.nii.gz,0.9806227087974548,34.346927642822266,0.9870083332061768,0.4551517069339752,0.039255183190107346,0.011684447473930196,0.678632363432977,0.0005038011305622723,452.43717308652657,557.0878295898438
19-02-2021,MID00257,flirt_nomoco.nii.gz,0.953057050704956,28.929401397705078,0.9705936312675476,0.30484193563461304,0.0649435818195343,0.01193602593060861,0.5169931534096317,0.00045430847910876726,441.3473535926609,560.490478515625
19-02-2021,MID00257,flirt_ref.nii.gz,1.0,inf,1.0,1.0,0.0,0.012906274975266705,0.8167305481750962,0.0005258776013103132,450.1107678044963,553.6324462890625
19-02-2021,MID00257,flirt_fnmoco.nii.gz,0.9761145114898682,32.8581428527832,0.9839296936988831,0.42053502798080444,0.04833647608757019,0.011454187791361968,0.6324005768527251,0.0004902029680880491,448.0966803315057,558.0313110351562
19-02-2021,MID00257,flirt_fnWMmoco.nii.gz,0.9805257320404053,34.12937927246094,0.9864915609359741,0.44807013869285583,0.040796637535095215,0.011642015985719848,0.6584347309451517,0.0004935556348697782,449.5807120473875,557.0861206054688
20-11-2020,MID00305,flirt_tclmoco.nii.gz,0.9891369342803955,35.63633728027344,0.9911198019981384,0.4605850279331207,0.02324853464961052,0.01257078092935678,0.8413304129846461,0.0004938108453163607,456.5681323640784,567.9376220703125
20-11-2020,MID00305,flirt_tclmocos.nii.gz,0.9899274110794067,36.13462829589844,0.992120087146759,0.4754277467727661,0.019525639712810516,0.012714120154266852,0.8665296287874438,0.0004954516960252254,456.19578575662774,567.4454956054688
20-11-2020,MID00305,flirt_nomoco.nii.gz,1.0,inf,1.0,1.0,0.0,0.013176980492965859,0.907605037432008,0.0004982400986721856,453.3914852629082,566.71728515625
20-11-2020,MID00305,flirt_ref.nii.gz,1.0,inf,1.0,1.0,0.0,0.013176980492965859,0.907605037432008,0.0004982400986721856,453.3914852629082,566.71728515625
20-11-2020,MID00305,flirt_fnmoco.nii.gz,0.9991323947906494,46.201377868652344,0.9992720484733582,0.7404630780220032,0.001876538386568427,0.013171227625747038,0.9097886756976102,0.0004987812730615555,453.04970195936323,566.6895751953125
20-11-2020,MID00305,flirt_fnWMmoco.nii.gz,0.9992515444755554,47.001651763916016,0.9994001388549805,0.7550603747367859,0.0016065577510744333,0.013145350080727519,0.9119265975568159,0.0004991584972015752,453.0670420467714,566.6814575195312
20-11-2020,MID00306,flirt_tclmoco.nii.gz,0.9426265954971313,28.871164321899414,0.9712104201316833,0.30025288462638855,0.08084914088249207,0.011893576864093975,0.8021729003193837,0.00046264598587217825,469.5880504028386,573.3550415039062
20-11-2020,MID00306,flirt_tclmocos.nii.gz,0.9423626065254211,28.882083892822266,0.9714154005050659,0.3015066385269165,0.07708077132701874,0.011955404668682694,0.8117178579267579,0.0004662087130533056,467.61165384267815,573.376953125
20-11-2020,MID00306,flirt_nomoco.nii.gz,0.9204275608062744,26.668182373046875,0.961523711681366,0.2452855110168457,0.09028582274913788,0.011777370875887679,0.7651098703537489,0.0004755974602581101,470.64322181574926,573.12841796875
20-11-2020,MID00306,flirt_ref.nii.gz,1.0,inf,1.0,1.0,0.0,0.013176980492965859,0.907605037432008,0.0004982400986721856,453.3914852629082,566.71728515625
20-11-2020,MID00306,flirt_fnmoco.nii.gz,0.9318690896034241,27.615015029907227,0.9660478830337524,0.2742111086845398,0.08612515032291412,0.011805659829322331,0.8076328652871583,0.0004946272879524548,467.19712150836165,573.0807495117188
20-11-2020,MID00306,flirt_fnWMmoco.nii.gz,0.9327899217605591,27.434738159179688,0.9659486413002014,0.27614521980285645,0.08213826268911362,0.011856372866652677,0.8129499952769459,0.0004832853769339832,468.1386922261383,573.5214233398438
20-11-2020,MID00308,flirt_tclmoco.nii.gz,0.9694823026657104,32.15607452392578,0.9812862277030945,0.38924694061279297,0.0520189106464386,0.011929307343830483,0.8139963118952392,0.0004998065624443064,456.7513531254945,569.9368896484375
20-11-2020,MID00308,flirt_tclmocos.nii.gz,0.9707961678504944,32.34210205078125,0.9814983010292053,0.393799751996994,0.05053652077913284,0.011826972832302543,0.8209972652754876,0.0005090250561175789,456.6377304055873,569.7510375976562
20-11-2020,MID00308,flirt_nomoco.nii.gz,0.940131664276123,27.72671890258789,0.9672384858131409,0.2742514908313751,0.07011821120977402,0.011691689480592368,0.7508484260974626,0.00048250784594736594,460.88170014254484,569.756591796875
20-11-2020,MID00308,flirt_ref.nii.gz,1.0,inf,1.0,1.0,0.0,0.013176980492965859,0.907605037432008,0.0004982400986721856,453.3914852629082,566.71728515625
20-11-2020,MID00308,flirt_fnmoco.nii.gz,0.9587865471839905,30.04154396057129,0.9746849536895752,0.3326018452644348,0.059113651514053345,0.01196029312447388,0.7902554279699656,0.0004892189872541812,461.7350882676111,569.5186767578125
20-11-2020,MID00308,flirt_fnWMmoco.nii.gz,0.9626146554946899,30.787906646728516,0.9768426418304443,0.3471960425376892,0.055806852877140045,0.012108544422868496,0.7823696122396668,0.0004831143157392363,459.24196670381605,569.8104248046875
20-11-2020,MID00309,flirt_tclmoco.nii.gz,0.9685941338539124,32.521148681640625,0.981721818447113,0.37503376603126526,0.051858775317668915,0.012109716052883818,0.8056504765675002,0.0004868770195804542,458.46955527814606,569.3778076171875
20-11-2020,MID00309,flirt_tclmocos.nii.gz,0.9693871736526489,32.5308723449707,0.9820046424865723,0.38493800163269043,0.049033015966415405,0.012113483723520111,0.8053877127510471,0.0004884761980138967,458.8312026876686,569.4174194335938
20-11-2020,MID00309,flirt_nomoco.nii.gz,0.9216949939727783,26.80027961730957,0.9606406688690186,0.22551260888576508,0.08273838460445404,0.011633754317794821,0.6867997785646033,0.0004673630847324934,456.4206359403174,570.9232177734375
20-11-2020,MID00309,flirt_ref.nii.gz,1.0,inf,1.0,1.0,0.0,0.013176980492965859,0.907605037432008,0.0004982400986721856,453.3914852629082,566.71728515625
20-11-2020,MID00309,flirt_fnmoco.nii.gz,0.952277660369873,29.666095733642578,0.9718858003616333,0.3118203580379486,0.06738752126693726,0.011877248003984726,0.755273025234031,0.0004772226813492866,459.605511729722,570.2142333984375
20-11-2020,MID00309,flirt_fnWMmoco.nii.gz,0.9591007828712463,30.446300506591797,0.9761709570884705,0.3308793008327484,0.060474373400211334,0.011937955241569768,0.7567104720701765,0.00047359917063895436,461.350945548757,569.9296875
23-02-2021,MID00296,flirt_tclmoco.nii.gz,0.9898945689201355,37.61387634277344,0.9921202659606934,0.49495208263397217,0.0213991217315197,0.011450454479915146,0.6565891381145506,0.0005940011887073391,449.66200857269916,550.848876953125
23-02-2021,MID00296,flirt_tclmocos.nii.gz,0.9917997717857361,38.71499252319336,0.9937226176261902,0.5227450132369995,0.020191878080368042,0.011869066711727197,0.6912357838743495,0.0006200503404997594,448.4946190896576,550.3843994140625
23-02-2021,MID00296,flirt_nomoco.nii.gz,1.0,inf,1.0,1.0,0.0,0.012213911081638223,0.7587064957920527,0.0006523870079770772,447.294061254892,549.3309326171875
23-02-2021,MID00296,flirt_ref.nii.gz,1.0,inf,1.0,1.0,0.0,0.012213911081638223,0.7587064957920527,0.0006523870079770772,447.294061254892,549.3309326171875
23-02-2021,MID00296,flirt_fnmoco.nii.gz,0.9990222454071045,46.95798873901367,0.9989967942237854,0.7673967480659485,0.0025004209019243717,0.01235921544054755,0.7654141813172488,0.0006523968781210756,447.4357311363997,548.9797973632812
23-02-2021,MID00296,flirt_fnWMmoco.nii.gz,0.999057412147522,46.95845031738281,0.9990171790122986,0.7706372141838074,0.0023392937146127224,0.012436319360672026,0.7649597544871442,0.0006519214903803587,447.375284133236,548.98095703125
23-02-2021,MID00297,flirt_tclmoco.nii.gz,0.9590944051742554,31.93242645263672,0.9784107804298401,0.33415570855140686,0.0643148347735405,0.010686860002009295,0.6342529745939414,0.0005977041361760064,454.75895907664,551.3748168945312
23-02-2021,MID00297,flirt_tclmocos.nii.gz,0.9617120027542114,32.20973587036133,0.9791650772094727,0.340112566947937,0.06378939747810364,0.01090914064088591,0.6367572604981574,0.0005950941813840228,454.90319831543013,551.5139770507812
23-02-2021,MID00297,flirt_nomoco.nii.gz,0.9488136768341064,30.28343963623047,0.9735619425773621,0.3031695783138275,0.0780021995306015,0.01063658830253768,0.5952846741152761,0.0006185306074012014,450.2782602221087,551.6022338867188
23-02-2021,MID00297,flirt_ref.nii.gz,1.0,inf,1.0,1.0,0.0,0.012213911081638223,0.7587064957920527,0.0006523870079770772,447.294061254892,549.3309326171875
23-02-2021,MID00297,flirt_fnmoco.nii.gz,0.9564091563224792,31.488916397094727,0.9769991040229797,0.32612892985343933,0.07207754999399185,0.010709602475301179,0.6280604512082233,0.0006067864057806319,452.873641103022,551.689208984375
23-02-2021,MID00297,flirt_fnWMmoco.nii.gz,0.9559774398803711,31.320402145385742,0.9764397740364075,0.3248339295387268,0.07090537250041962,0.01083641734262467,0.6367766308734468,0.0006099843958416493,452.93313363128124,551.9080200195312
23-02-2021,MID00299,flirt_tclmoco.nii.gz,0.9507564306259155,30.767478942871094,0.9744705557823181,0.3122141361236572,0.07317225635051727,0.010886932123608908,0.622895995474068,0.0005771296828841882,454.8975799273763,552.9462280273438
23-02-2021,MID00299,flirt_tclmocos.nii.gz,0.9519303441047668,31.054773330688477,0.9748437404632568,0.3137083947658539,0.07050655037164688,0.010952954059903569,0.6221556908646144,0.000574904418671058,454.6996792282881,553.1124877929688
23-02-2021,MID00299,flirt_nomoco.nii.gz,0.9457946419715881,29.877870559692383,0.9719617962837219,0.2921871840953827,0.07711557298898697,0.011067783643349972,0.6099494008639647,0.0005852670653473403,453.8367199994127,553.3201904296875
23-02-2021,MID00299,flirt_ref.nii.gz,1.0,inf,1.0,1.0,0.0,0.012213911081638223,0.7587064957920527,0.0006523870079770772,447.294061254892,549.3309326171875
23-02-2021,MID00299,flirt_fnmoco.nii.gz,0.9486703276634216,30.309452056884766,0.9732955694198608,0.30453208088874817,0.07651200890541077,0.011383157708624362,0.6202487704676631,0.0005856405392524453,453.093704869951,553.3348999023438
23-02-2021,MID00299,flirt_fnWMmoco.nii.gz,0.9485247135162354,30.32535171508789,0.9732365608215332,0.3056492507457733,0.07699321210384369,0.011343010371934501,0.6199547920578415,0.0005850587439372095,453.1267731803418,553.4095458984375
23-11-2020,MID00384,flirt_tclmoco.nii.gz,0.9954723119735718,40.50947189331055,0.9954811930656433,0.6066566705703735,0.010164210572838783,0.010935453760187211,0.6239856018010324,0.00045899721913514064,460.7641541845366,582.9328002929688
23-11-2020,MID00384,flirt_tclmocos.nii.gz,0.9966627359390259,41.85369873046875,0.9965426921844482,0.6462721228599548,0.0069687566719949245,0.011039789704474412,0.625015683464208,0.0004595485367051944,460.13374015645496,582.8216552734375
23-11-2020,MID00384,flirt_nomoco.nii.gz,1.0,inf,1.0,1.0,0.0,0.011115989015197105,0.6278178392195419,0.00045394427553868645,460.616525754732,582.6256713867188
23-11-2020,MID00384,flirt_ref.nii.gz,1.0,inf,1.0,1.0,0.0,0.011115989015197105,0.6278178392195419,0.00045394427553868645,460.616525754732,582.6256713867188
23-11-2020,MID00384,flirt_fnmoco.nii.gz,0.9985842704772949,44.98655700683594,0.9984363913536072,0.6961417198181152,0.003656730055809021,0.010953801337724918,0.6412600226408518,0.0004616181737948735,459.46540441800687,582.2361450195312
23-11-2020,MID00384,flirt_fnWMmoco.nii.gz,0.9986010193824768,45.245384216308594,0.9986212849617004,0.7011489868164062,0.0029556304216384888,0.011072189406550838,0.6364065279485958,0.0004639506112846565,459.76606348881825,582.7040405273438
23-11-2020,MID00385,flirt_tclmoco.nii.gz,0.9611483812332153,32.673343658447266,0.9801054000854492,0.36592841148376465,0.06206412613391876,0.010460200285777448,0.5549469482737466,0.0004269673820654323,466.9506072015945,586.2454223632812
23-11-2020,MID00385,flirt_tclmocos.nii.gz,0.962556779384613,33.01412582397461,0.9809630513191223,0.37656062841415405,0.05949964001774788,0.010589106812039454,0.5512481007012292,0.00042650012198061063,466.03107202825316,586.07177734375
23-11-2020,MID00385,flirt_nomoco.nii.gz,0.9567798972129822,31.47630500793457,0.977618932723999,0.34678736329078674,0.0643625259399414,0.010604534296187263,0.5549097722642851,0.0004351692987575726,467.44267461719875,587.0338745117188
23-11-2020,MID00385,flirt_ref.nii.gz,1.0,inf,1.0,1.0,0.0,0.011115989015197105,0.6278178392195419,0.00045394427553868645,460.616525754732,582.6256713867188
23-11-2020,MID00385,flirt_fnmoco.nii.gz,0.961521327495575,32.475704193115234,0.9801373481750488,0.3679444193840027,0.061823099851608276,0.010670290317643664,0.5473513644022553,0.00042871758172586443,464.54543503376493,586.415283203125
23-11-2020,MID00385,flirt_fnWMmoco.nii.gz,0.9624961018562317,32.6412353515625,0.9803217649459839,0.3714076578617096,0.061558060348033905,0.0107212474701659,0.5546801933743997,0.0004340272790172279,464.66318512990654,586.385009765625
23-11-2020,MID00387,flirt_tclmoco.nii.gz,0.9737051129341125,34.359336853027344,0.9843564033508301,0.40923210978507996,0.04645203799009323,0.010562675192454287,0.5741207036850549,0.000445894735237148,462.35124043043925,585.1196899414062
23-11-2020,MID00387,flirt_tclmocos.nii.gz,0.9740433096885681,34.492034912109375,0.9847371578216553,0.4106699526309967,0.0426909402012825,0.010603165949123135,0.5695176564281615,0.0004440492021013128,462.88846231933445,585.1751708984375
23-11-2020,MID00387,flirt_nomoco.nii.gz,0.940426230430603,28.889272689819336,0.9659040570259094,0.28721898794174194,0.08189903199672699,0.011228597749602241,0.537897395775244,0.00046857743796998555,449.9231181891485,587.5869140625
23-11-2020,MID00387,flirt_ref.nii.gz,1.0,inf,1.0,1.0,0.0,0.011115989015197105,0.6278178392195419,0.00045394427553868645,460.616525754732,582.6256713867188
23-11-2020,MID00387,flirt_fnmoco.nii.gz,0.964911937713623,31.75006103515625,0.9775785207748413,0.36560332775115967,0.0664878562092781,0.010705814888018333,0.5730934374796369,0.0004623022710383803,460.61268682549456,586.2197265625
23-11-2020,MID00387,flirt_fnWMmoco.nii.gz,0.9723660349845886,33.56966018676758,0.982902467250824,0.40134769678115845,0.05229940637946129,0.01046037429520774,0.5816863085051706,0.0004594183895894093,460.9465753391881,585.8360595703125
23-11-2020,MID00388,flirt_tclmoco.nii.gz,0.9394512176513672,29.240283966064453,0.9682689905166626,0.2850342392921448,0.08154670894145966,0.010409866540876929,0.532894167751499,0.0004167016401579261,464.8935202760976,587.4512329101562
23-11-2020,MID00388,flirt_tclmocos.nii.gz,0.9406694173812866,29.24557876586914,0.9679630398750305,0.28687959909439087,0.07986640185117722,0.010378036081149398,0.5402166596561089,0.00041999126191030837,464.4190218152545,587.54150390625
23-11-2020,MID00388,flirt_nomoco.nii.gz,0.8694964647293091,25.087642669677734,0.9464715123176575,0.16768918931484222,0.11049338430166245,0.011620252510314575,0.4708694413694613,0.00043229632540574037,433.1148587809669,588.3883666992188
23-11-2020,MID00388,flirt_ref.nii.gz,1.0,inf,1.0,1.0,0.0,0.011115989015197105,0.6278178392195419,0.00045394427553868645,460.616525754732,582.6256713867188
23-11-2020,MID00388,flirt_fnmoco.nii.gz,0.9261889457702637,27.733610153198242,0.9628483653068542,0.2521499991416931,0.09411010891199112,0.011307688252993293,0.5173563014274752,0.0004422516561507927,452.20217356591615,588.5692138671875
23-11-2020,MID00388,flirt_fnWMmoco.nii.gz,0.94913250207901,30.150218963623047,0.9729796648025513,0.3076995611190796,0.07644205540418625,0.01085743192903068,0.5452935977457926,0.0004215091556529701,464.87303848695274,587.4521484375
25-02-2021,MID00473,flirt_tclmoco.nii.gz,0.9922045469284058,39.03456115722656,0.9942837357521057,0.5554344654083252,0.01913450099527836,0.012309875453263128,0.6304419683313144,0.0005526453331625149,425.42428352377067,551.4896850585938
25-02-2021,MID00473,flirt_tclmocos.nii.gz,0.9921780824661255,38.1966667175293,0.99357670545578,0.5332857966423035,0.018093042075634003,0.012091480954040744,0.6289388303135788,0.0005443833026970994,425.5803898535809,551.7000122070312
25-02-2021,MID00473,flirt_nomoco.nii.gz,1.0,inf,1.0,1.0,0.0,0.012673016225210441,0.6814509689257521,0.0005643365727393739,423.75480042254736,549.9564208984375
25-02-2021,MID00473,flirt_ref.nii.gz,1.0,inf,1.0,1.0,0.0,0.012673016225210441,0.6814509689257521,0.0005643365727393739,423.75480042254736,549.9564208984375
25-02-2021,MID00473,flirt_fnmoco.nii.gz,0.9988296031951904,46.75902557373047,0.9989198446273804,0.7461937069892883,0.0027065533213317394,0.012784932805900678,0.679691607266617,0.0005697920715802508,422.862410525984,550.1689453125
25-02-2021,MID00473,flirt_fnWMmoco.nii.gz,0.9988030791282654,46.68000793457031,0.9989039897918701,0.7324792146682739,0.003034695517271757,0.012578945897643379,0.6807379316197265,0.000570480737755744,422.4214965643203,550.391845703125
25-02-2021,MID00475,flirt_tclmoco.nii.gz,0.932142436504364,28.127269744873047,0.9662066102027893,0.2553778290748596,0.09050677716732025,0.010929628919458024,0.5085493698759037,0.00047740890969511326,441.3004829490753,554.6146850585938
25-02-2021,MID00475,flirt_tclmocos.nii.gz,0.9341967701911926,28.434646606445312,0.9669070839881897,0.260918527841568,0.08801980316638947,0.010961683090362155,0.499082791591095,0.0004792843502014609,438.2615869921075,554.7476806640625
25-02-2021,MID00475,flirt_nomoco.nii.gz,0.9276013970375061,28.20692253112793,0.9671093225479126,0.24486418068408966,0.0902366042137146,0.011194087910544761,0.5190076473150215,0.0005508159184023939,435.7748721871031,554.0332641601562
25-02-2021,MID00475,flirt_ref.nii.gz,1.0,inf,1.0,1.0,0.0,0.012673016225210441,0.6814509689257521,0.0005643365727393739,423.75480042254736,549.9564208984375
25-02-2021,MID00475,flirt_fnmoco.nii.gz,0.9468080997467041,29.91510581970215,0.9737982153892517,0.29061511158943176,0.07755811512470245,0.01176491498329364,0.5944783091839682,0.0005400533666435186,436.9759503103158,554.5506591796875
25-02-2021,MID00475,flirt_fnWMmoco.nii.gz,0.9472730755805969,29.896860122680664,0.9737772345542908,0.2885236442089081,0.07875275611877441,0.011940773765697665,0.5978537694916036,0.000532684187044082,436.961670556207,554.5405883789062
25-02-2021,MID00476,flirt_tclmoco.nii.gz,0.9201041460037231,27.39849090576172,0.9625719785690308,0.23711639642715454,0.09869963675737381,0.011296103018201444,0.4472137454052936,0.0004471057274874478,440.40124098840505,555.7064208984375
25-02-2021,MID00476,flirt_tclmocos.nii.gz,0.9202814698219299,27.343788146972656,0.9628944396972656,0.24308504164218903,0.09671877324581146,0.011271139418074555,0.45585047601973705,0.0004482355058256058,441.382739742969,555.98974609375
25-02-2021,MID00476,flirt_nomoco.nii.gz,0.9336429238319397,28.619739532470703,0.9690225124359131,0.2703447937965393,0.0879090279340744,0.011511812549965592,0.528113491331568,0.000535959495616483,433.27969075706085,557.1537475585938
25-02-2021,MID00476,flirt_ref.nii.gz,1.0,inf,1.0,1.0,0.0,0.012673016225210441,0.6814509689257521,0.0005643365727393739,423.75480042254736,549.9564208984375
25-02-2021,MID00476,flirt_fnmoco.nii.gz,0.9375689029693604,29.054899215698242,0.970910906791687,0.2854827046394348,0.08798012882471085,0.011425070548692703,0.5552463921832388,0.0005198618995439927,439.9388015341906,556.604248046875
25-02-2021,MID00476,flirt_fnWMmoco.nii.gz,0.9382544755935669,29.039485931396484,0.9712327718734741,0.28652405738830566,0.08699676394462585,0.011634873157923362,0.5452990955318978,0.0005042035016216143,438.6971045442238,556.7413330078125
25-02-2021,MID00478,flirt_tclmoco.nii.gz,0.9688404202461243,33.17671585083008,0.9828540086746216,0.3942643105983734,0.058631494641304016,0.011984328970732747,0.5665475272479779,0.0005164632478899266,432.3477714802192,553.441162109375
25-02-2021,MID00478,flirt_tclmocos.nii.gz,0.9695882797241211,33.47639083862305,0.9836094975471497,0.39951348304748535,0.05471186712384224,0.011788736828440848,0.577976259488885,0.0005348385969411176,431.12604831914484,553.3507080078125
25-02-2021,MID00478,flirt_nomoco.nii.gz,0.9629507660865784,32.19093322753906,0.9796372056007385,0.35997268557548523,0.06609468907117844,0.011840064606093062,0.5661114215358642,0.0005528430963276013,430.9392725077937,553.3394165039062
25-02-2021,MID00478,flirt_ref.nii.gz,1.0,inf,1.0,1.0,0.0,0.012673016225210441,0.6814509689257521,0.0005643365727393739,423.75480042254736,549.9564208984375
25-02-2021,MID00478,flirt_fnmoco.nii.gz,0.9698885679244995,33.60624694824219,0.9840924143791199,0.3957066237926483,0.05101955682039261,0.01193946823570621,0.5914074568179662,0.0005507615297418414,429.24441535870756,553.000732421875
25-02-2021,MID00478,flirt_fnWMmoco.nii.gz,0.970637321472168,33.753292083740234,0.9846065044403076,0.3993958830833435,0.05073700472712517,0.011951730959230881,0.5942916149317091,0.0005486595715246262,429.2605444240271,553.0432739257812
25-11-2020,MID00017,flirt_tclmoco.nii.gz,0.9957443475723267,39.749053955078125,0.9945874214172363,0.5816931128501892,0.010752713307738304,0.01117836102407705,0.7442994237630975,0.0003690844628167785,493.19348257298236,620.4801635742188
25-11-2020,MID00017,flirt_tclmocos.nii.gz,0.9962361454963684,40.06317901611328,0.995246410369873,0.5971335768699646,0.01037543173879385,0.011169329097534899,0.7590915284077755,0.00037431700196653695,493.5413823251221,620.3780517578125
25-11-2020,MID00017,flirt_nomoco.nii.gz,1.0,inf,1.0,1.0,0.0,0.011226581649283083,0.7938766564394826,0.000383939380503291,493.3274423114416,619.85546875
25-11-2020,MID00017,flirt_ref.nii.gz,1.0,inf,1.0,1.0,0.0,0.011226581649283083,0.7938766564394826,0.000383939380503291,493.3274423114416,619.85546875
25-11-2020,MID00017,flirt_fnmoco.nii.gz,0.999261200428009,48.66353988647461,0.9993147253990173,0.8090024590492249,0.0013236464001238346,0.011331084816060114,0.7910871959223467,0.00038201541023257445,492.9579756200309,619.8118286132812
25-11-2020,MID00017,flirt_fnWMmoco.nii.gz,0.9992812871932983,49.33589172363281,0.999428927898407,0.812301516532898,0.0016208956949412823,0.011301054605976652,0.7789615918533658,0.0003812197826417876,492.7622174112066,619.9948120117188
25-11-2020,MID00018,flirt_tclmoco.nii.gz,0.9710961580276489,34.07797622680664,0.9828630089759827,0.4279862344264984,0.047763727605342865,0.010949418164552823,0.6416497220405717,0.0003427087142084748,494.64940448691686,624.3721923828125
25-11-2020,MID00018,flirt_tclmocos.nii.gz,0.9710245132446289,34.0550651550293,0.9829971790313721,0.4268245995044708,0.049817830324172974,0.010905641735549483,0.6383420516670553,0.0003436801235776974,494.7253561179441,624.5126342773438
25-11-2020,MID00018,flirt_nomoco.nii.gz,0.965538501739502,32.26051712036133,0.9796493053436279,0.3908834159374237,0.061934590339660645,0.010641434144750099,0.6324767471000157,0.00033804550999387263,495.8468023991255,624.6761474609375
25-11-2020,MID00018,flirt_ref.nii.gz,1.0,inf,1.0,1.0,0.0,0.011226581649283083,0.7938766564394826,0.000383939380503291,493.3274423114416,619.85546875
25-11-2020,MID00018,flirt_fnmoco.nii.gz,0.9698050022125244,33.63215255737305,0.9824860692024231,0.4265308380126953,0.05356031656265259,0.010794956365076692,0.6739056846468529,0.0003577116996249691,495.2617182080062,624.169189453125
25-11-2020,MID00018,flirt_fnWMmoco.nii.gz,0.9703771471977234,33.78952407836914,0.982748806476593,0.42912980914115906,0.053914815187454224,0.010861418940702958,0.6624446668726961,0.00035330675765135047,495.3381374186398,624.0374755859375
25-11-2020,MID00020,flirt_tclmoco.nii.gz,0.9753023386001587,34.905921936035156,0.9843245148658752,0.4381729066371918,0.04466119036078453,0.010838205395795471,0.6718865143040648,0.0003560362844796517,494.54448311981696,622.8488159179688
25-11-2020,MID00020,flirt_tclmocos.nii.gz,0.9756519198417664,35.20945358276367,0.9847757816314697,0.4395766854286194,0.044079460203647614,0.010872826747686588,0.6795626824419227,0.00036008773749215793,492.99652311858654,622.694580078125
25-11-2020,MID00020,flirt_nomoco.nii.gz,0.9718067049980164,34.106285095214844,0.9830809831619263,0.4219461977481842,0.055893536657094955,0.010985170930694385,0.6670242796598382,0.00035494512164896077,493.2855806710346,622.599609375
25-11-2020,MID00020,flirt_ref.nii.gz,1.0,inf,1.0,1.0,0.0,0.011226581649283083,0.7938766564394826,0.000383939380503291,493.3274423114416,619.85546875
25-11-2020,MID00020,flirt_fnmoco.nii.gz,0.9732035398483276,34.70564270019531,0.984062910079956,0.44769445061683655,0.05385781452059746,0.010894892548926187,0.6692536059179112,0.0003583154420157277,494.0348255695544,622.4430541992188
25-11-2020,MID00020,flirt_fnWMmoco.nii.gz,0.9741290807723999,34.89263153076172,0.9844470620155334,0.45439502596855164,0.05334791541099548,0.010913840921797336,0.674514354281022,0.00036168686503434364,493.68298059622407,622.2830810546875
26-10-2020,MID00398,flirt_tclmoco.nii.gz,0.9972070455551147,42.82599639892578,0.9973359704017639,0.6828078031539917,0.006436935625970364,0.013320004268921234,1.0356485034594118,0.0005475297802637509,450.7040305185048,566.9268798828125
26-10-2020,MID00398,flirt_tclmocos.nii.gz,0.9982070326805115,43.22830581665039,0.9979687333106995,0.6936969757080078,0.004251058679074049,0.013382398400367543,1.0348926469671247,0.0005508137541550905,450.8475744042488,566.9882202148438
26-10-2020,MID00398,flirt_nomoco.nii.gz,1.0,inf,1.0,0.9999999403953552,0.0,0.013650237143600304,1.042718423099036,0.0005536479996781758,448.9794755526438,566.5198974609375
26-10-2020,MID00398,flirt_ref.nii.gz,1.0,inf,1.0,0.9999999403953552,0.0,0.013650237143600304,1.042718423099036,0.0005536479996781758,448.9794755526438,566.5198974609375
26-10-2020,MID00398,flirt_fnmoco.nii.gz,0.9991621971130371,46.899356842041016,0.9991751909255981,0.7648674845695496,0.0016253244830295444,0.01380251207995195,1.060907624529845,0.0005515044115368532,449.1080593257005,566.128173828125
26-10-2020,MID00398,flirt_fnWMmoco.nii.gz,0.9992743134498596,47.84223937988281,0.9993157386779785,0.7756038904190063,0.001415003091096878,0.013791019330429604,1.0606020343709877,0.0005516756189822637,449.0713846155863,566.1309204101562
26-10-2020,MID00402,flirt_tclmoco.nii.gz,0.9579501748085022,30.005929946899414,0.975855827331543,0.33508139848709106,0.048373907804489136,0.012398627396154575,0.9322963370751138,0.000538786991162922,453.9809087059002,569.2527465820312
26-10-2020,MID00402,flirt_tclmocos.nii.gz,0.9588219523429871,30.091747283935547,0.9762146472930908,0.33956241607666016,0.046467624604701996,0.012516329146688838,0.9235701076562018,0.0005342766751140224,453.34325528140096,569.0888061523438
26-10-2020,MID00402,flirt_nomoco.nii.gz,0.9115747809410095,25.5507755279541,0.9593842029571533,0.22685794532299042,0.07350962609052658,0.012000087517573832,0.847345998645827,0.0005216283699362427,457.6782681043984,569.068359375
26-10-2020,MID00402,flirt_ref.nii.gz,1.0,inf,1.0,0.9999999403953552,0.0,0.013650237143600304,1.042718423099036,0.0005536479996781758,448.9794755526438,566.5198974609375
26-10-2020,MID00402,flirt_fnmoco.nii.gz,0.9471216201782227,28.617448806762695,0.9712361097335815,0.29484888911247253,0.05940105393528938,0.012116132619699339,0.9007234585526029,0.0005347825234682999,456.56272280435604,569.4382934570312
26-10-2020,MID00402,flirt_fnWMmoco.nii.gz,0.9498881697654724,28.831924438476562,0.9718479514122009,0.30428940057754517,0.05652473121881485,0.012356053289172896,0.9055877989321043,0.0005345179890526512,455.07153470011224,569.2295532226562
26-10-2020,MID00403,flirt_tclmoco.nii.gz,0.9435754418373108,28.53074836730957,0.9698523879051208,0.2884834408760071,0.06821250170469284,0.012188690798893552,0.9195125719784908,0.0005285484450365375,462.3804928152658,570.0396118164062
26-10-2020,MID00403,flirt_tclmocos.nii.gz,0.9467688202857971,28.815420150756836,0.9706977009773254,0.29712262749671936,0.06274385005235672,0.012435750713434193,0.9260760045405106,0.0005263875535717838,460.49313078270205,569.6558837890625
26-10-2020,MID00403,flirt_nomoco.nii.gz,0.8562934398651123,22.94396209716797,0.9463257193565369,0.15785402059555054,0.0988345518708229,0.011682177054601055,0.8564350496966772,0.0005408807463144849,453.64621120864507,570.3904418945312
26-10-2020,MID00403,flirt_ref.nii.gz,1.0,inf,1.0,0.9999999403953552,0.0,0.013650237143600304,1.042718423099036,0.0005536479996781758,448.9794755526438,566.5198974609375
26-10-2020,MID00403,flirt_fnmoco.nii.gz,0.9227408766746521,26.67997169494629,0.9608896374702454,0.23885083198547363,0.08195607364177704,0.012042617787204984,0.8881307985296235,0.0005450795153892487,460.29314728755014,570.4058227539062
26-10-2020,MID00403,flirt_fnWMmoco.nii.gz,0.9346979260444641,27.56854820251465,0.9657936692237854,0.2655836343765259,0.06837812066078186,0.012258796259449643,0.9028518400383935,0.0005359856110003544,461.3590031744399,569.984130859375
26-11-2020,MID00032,flirt_tclmoco.nii.gz,0.9681969285011292,30.731199264526367,0.9789575338363647,0.38369107246398926,0.05946661904454231,0.010630233417108623,0.45252653196549997,0.0004007502909780061,419.6046510012053,574.936279296875
26-11-2020,MID00032,flirt_tclmocos.nii.gz,0.9708584547042847,31.020275115966797,0.98003751039505,0.38742876052856445,0.0557713583111763,0.010762280740734051,0.45610838731173203,0.0004046711543285952,417.94216848613615,574.6395263671875
26-11-2020,MID00032,flirt_nomoco.nii.gz,1.0,inf,1.0,0.9999998807907104,0.0,0.01153510982496417,0.5342604112686107,0.0004167770501717748,410.7277441848825,569.1651611328125
26-11-2020,MID00032,flirt_ref.nii.gz,1.0,inf,1.0,0.9999998807907104,0.0,0.01153510982496417,0.5342604112686107,0.0004167770501717748,410.7277441848825,569.1651611328125
26-11-2020,MID00032,flirt_fnmoco.nii.gz,0.996471643447876,43.913490295410156,0.9983382821083069,0.6515321731567383,0.0061354078352451324,0.011407094353833625,0.5303112459438368,0.0004187000453862239,410.49421891026367,569.0116577148438
26-11-2020,MID00032,flirt_fnWMmoco.nii.gz,0.9965806007385254,44.142459869384766,0.9983513355255127,0.6583201885223389,0.0061488766223192215,0.011371411086907568,0.530604641131184,0.000418701214191514,411.15157362880154,569.438232421875
26-11-2020,MID00033,flirt_tclmoco.nii.gz,0.9622032642364502,30.627635955810547,0.9775130748748779,0.35545778274536133,0.06845837086439133,0.010770784829734495,0.45650608765462114,0.00038714479114117337,418.72093391441115,575.0635986328125
26-11-2020,MID00033,flirt_tclmocos.nii.gz,0.962440013885498,30.687997817993164,0.9777482748031616,0.3563467562198639,0.07032937556505203,0.010627066300839687,0.4534853372120232,0.00038666233264069723,417.5924481387479,574.5446166992188
26-11-2020,MID00033,flirt_nomoco.nii.gz,0.9621323347091675,31.82823371887207,0.9784755110740662,0.36893510818481445,0.0633796751499176,0.011010489283166027,0.4547667905320938,0.00039090889995204456,411.1597390174834,573.9498901367188
26-11-2020,MID00033,flirt_ref.nii.gz,1.0,inf,1.0,0.9999998807907104,0.0,0.01153510982496417,0.5342604112686107,0.0004167770501717748,410.7277441848825,569.1651611328125
26-11-2020,MID00033,flirt_fnmoco.nii.gz,0.9700448513031006,32.72893524169922,0.9830169677734375,0.4085213243961334,0.05166127532720566,0.010758663249834637,0.48529889926763414,0.00040506566028097483,413.7062710325247,573.2234497070312
26-11-2020,MID00033,flirt_fnWMmoco.nii.gz,0.9707571864128113,32.78192138671875,0.9833604097366333,0.4100498557090759,0.050638988614082336,0.010926670545178476,0.48671781116300883,0.0004052647258350532,413.484803194336,573.329345703125
26-11-2020,MID00035,flirt_tclmoco.nii.gz,0.9739571809768677,32.5167121887207,0.9843125939369202,0.4191884696483612,0.0533708892762661,0.010528279665655131,0.4510979476461824,0.0003863452992284933,415.16812771023336,573.9967651367188
26-11-2020,MID00035,flirt_tclmocos.nii.gz,0.9743247032165527,32.5889778137207,0.9844805002212524,0.4230957329273224,0.05164957791566849,0.010699010582315432,0.44833306451943233,0.0003845666060826551,413.53826724673183,573.9486083984375
26-11-2020,MID00035,flirt_nomoco.nii.gz,0.9468791484832764,29.421140670776367,0.9712426066398621,0.30057957768440247,0.07050672918558121,0.010565409118483101,0.3996513740803743,0.00035764014371814773,416.49449053410933,575.88427734375
26-11-2020,MID00035,flirt_ref.nii.gz,1.0,inf,1.0,0.9999998807907104,0.0,0.01153510982496417,0.5342604112686107,0.0004167770501717748,410.7277441848825,569.1651611328125
26-11-2020,MID00035,flirt_fnmoco.nii.gz,0.9727916717529297,32.731834411621094,0.9838089942932129,0.4124350845813751,0.05260401591658592,0.0107706199909834,0.4448172690382154,0.00038265051727330427,413.2984080926543,574.1392822265625
26-11-2020,MID00035,flirt_fnWMmoco.nii.gz,0.9739197492599487,32.98958206176758,0.9850208759307861,0.421615868806839,0.05017773061990738,0.010775571592998308,0.4513865656352544,0.0003864483302203576,413.489011910187,574.0889282226562
26-11-2020,MID00036,flirt_tclmoco.nii.gz,0.9501157999038696,29.160654067993164,0.9714169502258301,0.31144964694976807,0.09075506031513214,0.010657127204332767,0.38215301753444086,0.00034358993048314544,415.6023850234006,576.7060546875
26-11-2020,MID00036,flirt_tclmocos.nii.gz,0.9532628059387207,29.215585708618164,0.972154438495636,0.32113784551620483,0.0858166515827179,0.01040020376689262,0.39190154417532047,0.00035463571542612037,416.35952718254555,576.6672973632812
26-11-2020,MID00036,flirt_nomoco.nii.gz,0.8876561522483826,26.02861213684082,0.9545239210128784,0.1681831181049347,0.09933169186115265,0.010496624081248237,0.37069500022132024,0.0003726161509086892,408.4150087733501,578.4985961914062
26-11-2020,MID00036,flirt_ref.nii.gz,1.0,inf,1.0,0.9999998807907104,0.0,0.01153510982496417,0.5342604112686107,0.0004167770501717748,410.7277441848825,569.1651611328125
26-11-2020,MID00036,flirt_fnmoco.nii.gz,0.956507682800293,30.431058883666992,0.975918710231781,0.3349456489086151,0.07539362460374832,0.010323295759916985,0.3927719520692729,0.0003509324881660224,416.4649502221324,575.776123046875
26-11-2020,MID00036,flirt_fnWMmoco.nii.gz,0.9607775211334229,30.898155212402344,0.9786962866783142,0.35194507241249084,0.06972654163837433,0.010385281268337026,0.40675960006586004,0.0003573432080765524,417.2240529425541,575.6324462890625
