Sbj,Acq,File,SSIM,PSNR,AES,TG,NGS,GE,IE,Score
02-12-2020,MID00234,flirt_tclmoco.nii.gz,0.9973044656120947,36.64144416902461,0.05595581635305215,113.79483643182733,0.0005666936215435415,395.02500979711505,547.439768876901,4
02-12-2020,MID00234,flirt_tclmocos.nii.gz,0.9974723549394929,36.85147207188288,0.05593841034892469,114.3647355900464,0.000564964235466615,394.70770848145656,547.2372210821053,4
02-12-2020,MID00234,flirt_nomoco.nii.gz,1.0,0.0,0.05791753364460558,122.27033104387138,0.000578383444778346,393.86913032779256,545.562991449484,Not Found
02-12-2020,MID00234,flirt_ref.nii.gz,1.0,0.0,0.05791753364460558,122.27033104387138,0.000578383444778346,393.86913032779256,545.562991449484,4
02-12-2020,MID00234,flirt_fnmoco.nii.gz,0.9995244905373701,44.65035736826765,0.058243701243606866,123.00140006623985,0.0005815861312740605,393.32794164652796,545.3482262087759,4
02-12-2020,MID00234,flirt_fnWMmoco.nii.gz,0.9995204691737799,44.45517891847409,0.058218238831456444,122.9679326622303,0.0005815887428004958,393.33802410331407,545.3561848792351,4
02-12-2020,MID00235,flirt_tclmoco.nii.gz,0.9871604833228509,33.002495627875035,0.050557713598362045,101.8478805863605,0.0005182638479495587,398.32125135530225,550.9688814843671,3
02-12-2020,MID00235,flirt_tclmocos.nii.gz,0.9874629458124337,33.04702363829078,0.0510914008304888,100.89101327452572,0.000527654836652822,398.9614569343696,551.1740985021509,3
02-12-2020,MID00235,flirt_nomoco.nii.gz,0.9816685871873135,32.18250024285436,0.051120619609941145,102.68131536623036,0.0005664055997931398,399.59940084207483,550.6952695484752,3
02-12-2020,MID00235,flirt_ref.nii.gz,1.0,0.0,0.05791753364460558,122.27033104387138,0.000578383444778346,393.86913032779256,545.562991449484,4
02-12-2020,MID00235,flirt_fnmoco.nii.gz,0.9853563169928761,33.89946594987427,0.05209150714877161,106.22872363474445,0.0005491014102549253,398.4360723216734,549.9308193724319,3
02-12-2020,MID00235,flirt_fnWMmoco.nii.gz,0.9856783264767255,33.75476965114458,0.05219703830829085,105.5601435928534,0.0005451001857193669,398.06302214856566,550.1623372995234,3
02-12-2020,MID00237,flirt_tclmoco.nii.gz,0.9727461483713274,30.507508381735242,0.04890079440833151,98.36991372983934,0.0005381958667241305,405.2755484183548,555.4709479168414,2
02-12-2020,MID00237,flirt_tclmocos.nii.gz,0.9726181553528499,30.494790252144423,0.04903595999549146,98.3446134331761,0.0005400576461283268,404.62919418761345,555.4511351362285,2
02-12-2020,MID00237,flirt_nomoco.nii.gz,0.9707876765995028,31.435948347383142,0.0494189188342936,98.05354877586358,0.0005415642097815348,402.0975762144179,555.3632324006018,2
02-12-2020,MID00237,flirt_ref.nii.gz,1.0,0.0,0.05791753364460558,122.27033104387138,0.000578383444778346,393.86913032779256,545.562991449484,5
02-12-2020,MID00237,flirt_fnmoco.nii.gz,0.9722773256650252,31.49018922465411,0.04927435479773365,96.7613037679134,0.0005451443671638163,400.0075010847448,556.1321293763851,2
02-12-2020,MID00237,flirt_fnWMmoco.nii.gz,0.9722694916660555,31.546059642015866,0.04902292457986864,96.26369270290971,0.0005435335930650991,400.8469055022123,556.4674363646315,2
11-11-2020,MID00367,flirt_tclmoco.nii.gz,0.9861888585412862,31.16546025790129,0.0479976659693458,82.4302912487962,0.000666139721216948,422.79014388659454,526.6314344849629,3
11-11-2020,MID00367,flirt_tclmocos.nii.gz,0.9866869513037132,31.188873902736006,0.04840778513977742,79.4143310235553,0.0006729146792100353,421.4811219307802,527.1403780155626,3
11-11-2020,MID00367,flirt_nomoco.nii.gz,1.0,0.0,0.05223416046765612,93.69819881136213,0.0006860795727539647,418.7551203451797,523.5916386620835,Not Found
11-11-2020,MID00367,flirt_ref.nii.gz,1.0,0.0,0.05223416046765612,93.69819881136213,0.0006860795727539647,418.7551203451797,523.5916386620835,4
11-11-2020,MID00367,flirt_fnmoco.nii.gz,0.9989630265193146,43.93709010255313,0.05193704102071178,93.16892369568832,0.0006907416323586888,418.67081136504896,523.6174137349767,4
11-11-2020,MID00367,flirt_fnWMmoco.nii.gz,0.998933844967195,43.68742737457442,0.0519489123650783,93.29519434449035,0.0006918393692704227,418.85278984253955,523.6247985536609,4
11-11-2020,MID00370,flirt_tclmoco.nii.gz,0.9634658420549106,25.516183639938028,0.045647851610324836,76.27208835023598,0.0006464448213550466,424.14543608310737,530.8280689966789,2
11-11-2020,MID00370,flirt_tclmocos.nii.gz,0.964200401698149,25.629596085752087,0.045665056323377126,75.78693400208032,0.0006463524897570213,423.84131458189586,530.8409065369557,2
11-11-2020,MID00370,flirt_nomoco.nii.gz,0.921181841346591,25.208091087952806,0.043250668561689874,74.20292990200412,0.0006273211408734869,428.1885277266903,533.1268501267771,1
11-11-2020,MID00370,flirt_ref.nii.gz,1.0,0.0,0.05223416046765612,93.69819881136213,0.0006860795727539647,418.7551203451797,523.5916386620835,5
11-11-2020,MID00370,flirt_fnmoco.nii.gz,0.9531468750975175,26.719467366418105,0.04573554078724931,76.4302897591043,0.0006488941349342725,424.4967251298991,531.3500034317991,2
11-11-2020,MID00370,flirt_fnWMmoco.nii.gz,0.9644234588409089,27.47927164192932,0.04613808333578881,78.30440765972605,0.0006520462629752624,424.93546219337225,530.9613937234005,2
11-11-2020,MID00371,flirt_tclmoco.nii.gz,0.9497065857872633,24.62147965562608,0.044814603895800956,76.80315967910141,0.0006382701879917766,425.3182839226467,532.2179307568547,2
11-11-2020,MID00371,flirt_tclmocos.nii.gz,0.9504560921089181,24.65373503227625,0.04512008857846573,76.42599080654044,0.0006452609595382946,424.8513182650137,532.2855378542585,2
11-11-2020,MID00371,flirt_nomoco.nii.gz,0.9095622983279984,23.36024895843312,0.042134343690400984,69.38990466779619,0.0006326080889669753,426.0223757806316,534.1730077250265,1
11-11-2020,MID00371,flirt_ref.nii.gz,1.0,0.0,0.05223416046765612,93.69819881136213,0.0006860795727539647,418.7551203451797,523.5916386620835,4
11-11-2020,MID00371,flirt_fnmoco.nii.gz,0.944115247590332,25.61247514974182,0.04468358332644989,73.62186242519752,0.0006575143530171116,425.40143216880733,532.0967483555886,2
11-11-2020,MID00371,flirt_fnWMmoco.nii.gz,0.9603312671367026,26.593689451541994,0.045857725814601145,79.38255531569747,0.000613320500984341,426.7033752971748,531.0283014477222,2
18-11-2020,MID00291,flirt_tclmoco.nii.gz,0.9878924170065485,31.440374884782525,0.04712859695414783,78.3856995194119,0.000646941129350074,419.86377572324614,528.8043037809157,3
18-11-2020,MID00291,flirt_tclmocos.nii.gz,0.9900941753482116,32.03945669020727,0.04971685790004778,85.96181592859116,0.0006242035367204258,419.41316266081014,527.0259856722357,3
18-11-2020,MID00291,flirt_nomoco.nii.gz,1.0,0.0,0.05155520470858045,89.81394136154967,0.0006469941219312917,414.8846417924318,524.6353619647966,Not Found
18-11-2020,MID00291,flirt_ref.nii.gz,1.0,0.0,0.05155520470858045,89.81394136154967,0.0006469941219312917,414.8846417924318,524.6353619647966,4
18-11-2020,MID00291,flirt_fnmoco.nii.gz,0.999611853743104,47.37980964932505,0.051221807684128935,89.01951856223593,0.0006507732432962758,414.5826521471498,524.8851164756488,4
18-11-2020,MID00291,flirt_fnWMmoco.nii.gz,0.9995914128476233,46.497031615188945,0.051227109847800475,88.72165737371908,0.0006503384588591224,414.6503317189886,524.9811076923664,4
18-11-2020,MID00294,flirt_tclmoco.nii.gz,0.9575830069996443,25.821365897614182,0.04285936643050222,73.3574209123978,0.0005913617989138696,426.52794951334977,532.5219587952945,2
18-11-2020,MID00294,flirt_tclmocos.nii.gz,0.9610702074230943,26.24256371381356,0.043623215266433445,73.23286734130761,0.0006045327422043397,424.774593898832,532.0757067240137,2
18-11-2020,MID00294,flirt_nomoco.nii.gz,0.9337557085534514,24.611725340304552,0.043142926821206025,64.47928174012273,0.000575449214156516,424.0157885460168,531.6291753716181,1
18-11-2020,MID00294,flirt_ref.nii.gz,1.0,0.0,0.05155520470858045,89.81394136154967,0.0006469941219312917,414.8846417924318,524.6353619647966,4
18-11-2020,MID00294,flirt_fnmoco.nii.gz,0.9559568817312619,26.70444109205514,0.04382365812938555,70.7465460997814,0.0006319440546217372,422.47417580130355,531.0502803331528,2
18-11-2020,MID00294,flirt_fnWMmoco.nii.gz,0.9704303067155505,28.00106857412466,0.04521011012953298,76.24752078872535,0.0006174687296375131,423.3315599054806,530.017606946557,3
18-11-2020,MID00295,flirt_tclmoco.nii.gz,0.964989053555071,26.50038921707209,0.042562766406612454,73.68504224639561,0.0005867138134831138,423.93991078824183,530.7211820308717,2
18-11-2020,MID00295,flirt_tclmocos.nii.gz,0.9664133542436799,26.47916458076706,0.043070506299432355,73.031687870833,0.0005911601680313088,423.8972611019919,530.6594427226715,3
18-11-2020,MID00295,flirt_nomoco.nii.gz,0.9217442012355626,23.028095359382093,0.042228203958647924,62.78326082151424,0.0005889316031446984,415.94780931335913,533.9203392251384,1
18-11-2020,MID00295,flirt_ref.nii.gz,1.0,0.0,0.05155520470858045,89.81394136154967,0.0006469941219312917,414.8846417924318,524.6353619647966,4
18-11-2020,MID00295,flirt_fnmoco.nii.gz,0.946096874558536,25.198101443222033,0.04288476651781805,68.08155038152046,0.0006282429895727645,419.00412688436904,531.1579468068762,1
18-11-2020,MID00295,flirt_fnWMmoco.nii.gz,0.9630187784988746,26.524679782951335,0.04413493327717122,72.13625192352092,0.0006085433414998729,423.2313104684573,530.7253320200234,3
19-02-2021,MID00253,flirt_tclmoco.nii.gz,0.9959915354266992,36.048066300981745,0.051195062129539275,95.19820679568888,0.0005498135724444241,435.69973555015696,538.5270454987779,4
19-02-2021,MID00253,flirt_tclmocos.nii.gz,0.996379670053746,36.3071837911209,0.05126932452110391,98.1679165084647,0.0005548620471650844,436.4919287313082,537.9699607497785,4
19-02-2021,MID00253,flirt_nomoco.nii.gz,1.0,0.0,0.052385115607780336,100.29751841226015,0.000560951459196074,435.5828485289552,537.2489629876104,Not Found
19-02-2021,MID00253,flirt_ref.nii.gz,1.0,0.0,0.052385115607780336,100.29751841226015,0.000560951459196074,435.5828485289552,537.2489629876104,4
19-02-2021,MID00253,flirt_fnmoco.nii.gz,0.9990803846773804,42.213405315384975,0.05213861708720092,99.31781804004493,0.0005596107876112496,435.48193660966894,537.352172234207,4
19-02-2021,MID00253,flirt_fnWMmoco.nii.gz,0.999135239423366,43.06528558636223,0.05188252526485972,98.80542362041007,0.0005599846691256672,435.26534780608006,537.5906199845532,4
19-02-2021,MID00254,flirt_tclmoco.nii.gz,0.973033342154299,28.18909391098014,0.046777142615619896,83.5569981374483,0.0005427392580841198,441.1852001507319,542.6238960067203,4
19-02-2021,MID00254,flirt_tclmocos.nii.gz,0.9746732261813059,28.64492949104983,0.04678034478363065,83.44925438495186,0.0005430965040031284,440.9124382304541,542.5602501365611,4
19-02-2021,MID00254,flirt_nomoco.nii.gz,0.9645427228014396,26.38706273173746,0.04770061183359848,84.2734686717512,0.0005523055846961632,440.39690261843,542.0227866788221,4
19-02-2021,MID00254,flirt_ref.nii.gz,1.0,0.0,0.052385115607780336,100.29751841226015,0.000560951459196074,435.5828485289552,537.2489629876104,4
19-02-2021,MID00254,flirt_fnmoco.nii.gz,0.9704145383047269,27.63598547610175,0.047946542987418246,84.76006658852742,0.0005538815153126333,440.70652828125014,541.8988824891551,4
19-02-2021,MID00254,flirt_fnWMmoco.nii.gz,0.9724487660610148,28.133910235968735,0.048139358662648984,85.49023402542375,0.0005470508165921271,440.9565084238741,541.902192163924,4
19-02-2021,MID00256,flirt_tclmoco.nii.gz,0.9689232988588188,26.671066580103435,0.04619438089678188,79.82803203664035,0.0004978428922563376,440.5249162952704,543.7007075611509,3
19-02-2021,MID00256,flirt_tclmocos.nii.gz,0.9696245860910062,26.632747737395665,0.045941858349817524,79.41433806140785,0.0004963185653064042,441.0535150352606,543.7617085454485,4
19-02-2021,MID00256,flirt_nomoco.nii.gz,0.9362384448012624,22.632321489950087,0.043100277511651026,69.10033288321507,0.0005629394140276691,423.00623351462696,547.2223866005429,1
19-02-2021,MID00256,flirt_ref.nii.gz,1.0,0.0,0.052385115607780336,100.29751841226015,0.000560951459196074,435.5828485289552,537.2489629876104,4
19-02-2021,MID00256,flirt_fnmoco.nii.gz,0.9647620350500202,26.147570974675148,0.0472716773718123,78.69616909000237,0.0005763113312478342,434.46263024181627,543.5530889158192,4
19-02-2021,MID00256,flirt_fnWMmoco.nii.gz,0.9724999869478133,27.761467967623943,0.04810649996684116,84.61753121993507,0.0005367172542975726,438.7102807827932,542.0174880076192,4
19-02-2021,MID00257,flirt_tclmoco.nii.gz,0.983852013719936,30.45253437522422,0.046623087342973296,80.7342197449722,0.0005349355392169425,438.5779450721202,542.4710326888126,5
19-02-2021,MID00257,flirt_tclmocos.nii.gz,0.9836611791831443,30.374927966603952,0.04697243894892143,80.94715297532028,0.0005425966044972946,438.8258549147539,542.4950677122081,4
19-02-2021,MID00257,flirt_nomoco.nii.gz,0.9548142175023022,23.54217696024465,0.04474307155230385,72.03057754418421,0.0004855433767951253,429.8920352734083,547.6454273693926,2
19-02-2021,MID00257,flirt_ref.nii.gz,1.0,0.0,0.052385115607780336,100.29751841226015,0.000560951459196074,435.5828485289552,537.2489629876104,4
19-02-2021,MID00257,flirt_fnmoco.nii.gz,0.9791042982927364,28.885415553187507,0.046424789233774286,79.13313135979641,0.0005269878674838134,435.3767416945768,543.9109073785991,4
19-02-2021,MID00257,flirt_fnWMmoco.nii.gz,0.9834922021115815,30.02014023178465,0.047983091547691634,82.46574084049378,0.0005296676217410788,436.02985092942816,542.4577022231142,5
20-11-2020,MID00305,flirt_tclmoco.nii.gz,0.993734830793066,33.035042394054265,0.04599905335923384,77.98102571216938,0.0005242415241700847,443.8390535261483,554.4420581875025,4
20-11-2020,MID00305,flirt_tclmocos.nii.gz,0.9941430109240555,33.92538623486061,0.04694203271010831,80.12942545374278,0.0005315649349259617,443.17615009132726,553.733597846672,4
20-11-2020,MID00305,flirt_nomoco.nii.gz,1.0,0.0,0.04934278841655241,84.96876304812011,0.0005323840548092974,439.7616395599126,552.8136214288054,Not Found
20-11-2020,MID00305,flirt_ref.nii.gz,1.0,0.0,0.04934278841655241,84.96876304812011,0.0005323840548092974,439.7616395599126,552.8136214288054,4
20-11-2020,MID00305,flirt_fnmoco.nii.gz,0.9994599283879013,44.45672662736929,0.04953603544055529,85.50747801627952,0.0005330946227163358,439.30904140337026,552.7357668893153,4
20-11-2020,MID00305,flirt_fnWMmoco.nii.gz,0.999540615362379,45.270719583780554,0.04923170931207842,85.47370340795018,0.0005339708213447353,439.36018244864545,552.7253524519673,4
20-11-2020,MID00306,flirt_tclmoco.nii.gz,0.9628600734139396,28.78393511739234,0.0423428268592353,69.55432039672617,0.00047677179668227014,458.8780066924681,562.6805853156466,2
20-11-2020,MID00306,flirt_tclmocos.nii.gz,0.9630937626364298,28.83541080965862,0.04267298964887315,68.95534683771278,0.0004812679865167641,458.4216798563786,562.6975519996229,2
20-11-2020,MID00306,flirt_nomoco.nii.gz,0.9450577938960896,28.255454985563738,0.040573721638369004,65.09469550084836,0.0004978404253652336,462.76834176588125,562.2270104012457,2
20-11-2020,MID00306,flirt_ref.nii.gz,1.0,0.0,0.04934278841655241,84.96876304812011,0.0005323840548092974,439.7616395599126,552.8136214288054,4
20-11-2020,MID00306,flirt_fnmoco.nii.gz,0.9546658685943155,28.80230586444415,0.04133015502603858,62.145894082393255,0.0005228680203343168,459.12688255934376,562.4593827915096,2
20-11-2020,MID00306,flirt_fnWMmoco.nii.gz,0.9552026779020873,28.745266460186404,0.04184571146282163,64.73170793134831,0.0005071530269939646,459.8899532733626,563.0905506782474,2
20-11-2020,MID00308,flirt_tclmoco.nii.gz,0.9809524500416238,31.752960774580508,0.0429914370471672,67.56293475227262,0.0005242265378175658,446.30615227777207,557.6178599423312,3
20-11-2020,MID00308,flirt_tclmocos.nii.gz,0.9816826453781194,31.806247937987912,0.04281175582541627,67.42219549680188,0.0005383674964895282,446.28638906697455,557.3561429185988,3
20-11-2020,MID00308,flirt_nomoco.nii.gz,0.9523686984245705,28.433319249176023,0.03999738555069264,64.05693510608094,0.0005054860142373538,452.61021109339526,557.3504094536149,2
20-11-2020,MID00308,flirt_ref.nii.gz,1.0,0.0,0.04934278841655241,84.96876304812011,0.0005323840548092974,439.7616395599126,552.8136214288054,4
20-11-2020,MID00308,flirt_fnmoco.nii.gz,0.9719701754371669,30.508240792486106,0.042348439558582765,67.56172590677235,0.0005102450883878031,451.50749414112227,556.7525975183602,2
20-11-2020,MID00308,flirt_fnWMmoco.nii.gz,0.9751826272759543,31.21006096188102,0.0425577396812992,67.21973935066688,0.0005038945710083454,449.06089968537344,557.2270806327845,2
20-11-2020,MID00309,flirt_tclmoco.nii.gz,0.9821846378731556,30.59825130943201,0.0438603456794338,73.18563241124627,0.0005061809523118175,447.65498932214723,556.9175312566854,3
20-11-2020,MID00309,flirt_tclmocos.nii.gz,0.9826470770973617,30.6450939545582,0.04402193201176748,71.98481046450583,0.0005132872000094644,448.4078727916478,556.9811293744926,3
20-11-2020,MID00309,flirt_nomoco.nii.gz,0.9373388747780993,25.757811285285058,0.03959419228392321,62.1505612384831,0.0004859351219360708,448.3427268996877,559.0472300213108,1
20-11-2020,MID00309,flirt_ref.nii.gz,1.0,0.0,0.04934278841655241,84.96876304812011,0.0005323840548092974,439.7616395599126,552.8136214288054,4
20-11-2020,MID00309,flirt_fnmoco.nii.gz,0.9680285026913696,28.906370881881543,0.041240202256178166,65.98464958897152,0.0004917396926579989,450.43512029749377,558.1434060237164,2
20-11-2020,MID00309,flirt_fnWMmoco.nii.gz,0.9728173763100112,29.444096924380418,0.042430713930164114,69.67683764496545,0.0004883457408084859,450.7643414223396,557.5844369255097,2
23-02-2021,MID00296,flirt_tclmoco.nii.gz,0.9936998285737363,34.94187414455479,0.04496316649008435,79.09802714524453,0.0006331458287678994,434.4971363505929,538.5111536641135,3
23-02-2021,MID00296,flirt_tclmocos.nii.gz,0.994863045305902,35.85193328699221,0.04668917102798845,79.7428307736607,0.0006624735411083812,433.31468437271815,537.886283259636,4
23-02-2021,MID00296,flirt_nomoco.nii.gz,1.0,0.0,0.04888042935512799,88.36152373745792,0.0006972584969732682,431.9405060163189,536.2504812522332,Not Found
23-02-2021,MID00296,flirt_ref.nii.gz,1.0,0.0,0.04888042935512799,88.36152373745792,0.0006972584969732682,431.9405060163189,536.2504812522332,4
23-02-2021,MID00296,flirt_fnmoco.nii.gz,0.9993234784309016,45.894752719588354,0.04907645201045079,89.4013278695419,0.0006982434346162269,432.1377584968778,535.7334083690826,4
23-02-2021,MID00296,flirt_fnWMmoco.nii.gz,0.9993218194701051,46.14700232696198,0.04914172288895125,89.39855320276912,0.0006977029499265317,432.0738885075045,535.7338595284644,4
23-02-2021,MID00297,flirt_tclmoco.nii.gz,0.9721592870177946,30.479917057937328,0.04084351814155507,67.63336000064821,0.0006338848713800822,440.643522989493,539.3333221313918,2
23-02-2021,MID00297,flirt_tclmocos.nii.gz,0.9738673653375716,30.43653222983444,0.04073798802852893,67.39888633289219,0.0006309002752953568,440.89448383343665,539.499007101535,2
23-02-2021,MID00297,flirt_nomoco.nii.gz,0.9632969477063097,29.549410207610038,0.039742507215407334,62.85827601856003,0.0006635191091029061,436.9509230677029,539.782420787777,2
23-02-2021,MID00297,flirt_ref.nii.gz,1.0,0.0,0.04888042935512799,88.36152373745792,0.0006972584969732682,431.9405060163189,536.2504812522332,5
23-02-2021,MID00297,flirt_fnmoco.nii.gz,0.9703941299190788,30.020316697908488,0.040191997278645586,64.64094263618144,0.0006466479941551576,438.9543982021629,539.839206298207,2
23-02-2021,MID00297,flirt_fnWMmoco.nii.gz,0.9702508969734124,29.93922803588226,0.04015702943526409,64.71425877802344,0.0006504935130617091,439.0453183749391,540.1801823470705,2
23-02-2021,MID00299,flirt_tclmoco.nii.gz,0.9653472632574576,29.821462596756145,0.03938824461464057,65.334218832809,0.0006122914469931946,441.816045096184,541.525996092339,2
23-02-2021,MID00299,flirt_tclmocos.nii.gz,0.9668287236942272,29.76547529216068,0.03942076717386453,65.45333402299808,0.0006098524422086929,441.88360060712034,541.8390251632846,2
23-02-2021,MID00299,flirt_nomoco.nii.gz,0.9596532120018084,28.962603756385242,0.03882961941051072,64.208022739229,0.0006237899500201816,440.46741003596816,542.2696105089757,2
23-02-2021,MID00299,flirt_ref.nii.gz,1.0,0.0,0.04888042935512799,88.36152373745792,0.0006972584969732682,431.9405060163189,536.2504812522332,4
23-02-2021,MID00299,flirt_fnmoco.nii.gz,0.9641321473246491,29.532549206947007,0.03996393926348463,63.78242923582238,0.0006269607373291857,439.63590639288776,542.182270902872,2
23-02-2021,MID00299,flirt_fnWMmoco.nii.gz,0.9642209426157723,29.4751299075576,0.04008286891151646,64.04335919888808,0.0006262528292553304,439.64916539902197,542.3058500703207,2
23-11-2020,MID00384,flirt_tclmoco.nii.gz,0.9958200326196166,35.38650148480401,0.04235363619001234,74.02279021409193,0.0004940697726714785,446.8798115054525,566.0098464845158,4
23-11-2020,MID00384,flirt_tclmocos.nii.gz,0.9969329064419964,37.08676066399899,0.042197322859040154,74.34011301600029,0.0004949464034200233,446.08875949233254,565.8198475851309,4
23-11-2020,MID00384,flirt_nomoco.nii.gz,1.0,0.0,0.04257614857194705,78.1717475342094,0.00048722398874146203,446.8416520333599,565.5913403867405,Not Found
23-11-2020,MID00384,flirt_ref.nii.gz,1.0,0.0,0.04257614857194705,78.1717475342094,0.00048722398874146203,446.8416520333599,565.5913403867405,4
23-11-2020,MID00384,flirt_fnmoco.nii.gz,0.9987198312228188,38.99104194438972,0.04297170812733457,77.45519373289292,0.0004963154945329212,445.38991450730146,565.0093153575026,4
23-11-2020,MID00384,flirt_fnWMmoco.nii.gz,0.9987239485299483,39.57435213116498,0.042599011888161356,75.56869795023938,0.0004990407047698843,445.74215941747934,565.6708561237309,4
23-11-2020,MID00385,flirt_tclmoco.nii.gz,0.9673037893151097,27.81706253253191,0.038384388278993875,65.3065588259714,0.0004572619713498207,454.92381179276924,570.957156969618,2
23-11-2020,MID00385,flirt_tclmocos.nii.gz,0.9685577958639842,27.862561283149173,0.03803980500058458,63.77623629234626,0.00045675731380580823,454.3320923750941,570.5500130634888,2
23-11-2020,MID00385,flirt_nomoco.nii.gz,0.9627327183970416,27.2348447394149,0.0375074559113125,64.49249808967976,0.0004670113161396532,453.81097757582467,572.4599455146463,2
23-11-2020,MID00385,flirt_ref.nii.gz,1.0,0.0,0.04257614857194705,78.1717475342094,0.00048722398874146203,446.8416520333599,565.5913403867405,4
23-11-2020,MID00385,flirt_fnmoco.nii.gz,0.9672391143822813,28.208430716862875,0.03872249689983154,65.14432083741903,0.0004594208139574069,450.59722962710026,571.370689587936,2
23-11-2020,MID00385,flirt_fnWMmoco.nii.gz,0.9681497008341049,28.27636965152068,0.038642464294369405,65.33519347329933,0.000465563666204982,450.6762036768291,571.3002860416843,2
23-11-2020,MID00387,flirt_tclmoco.nii.gz,0.978376180484915,28.023357869849974,0.039074915094750896,67.54577958856962,0.0004792536444297442,448.89086202957395,569.5714286441859,3
23-11-2020,MID00387,flirt_tclmocos.nii.gz,0.9787179206024386,28.011952208046257,0.03882117266573089,67.55870309292577,0.0004770008663306436,448.98530376926294,569.6503307466038,3
23-11-2020,MID00387,flirt_nomoco.nii.gz,0.943707789091338,24.02716833395877,0.03732792127329196,64.40389845400104,0.0005047251399758534,444.52360161721003,573.1210355939513,2
23-11-2020,MID00387,flirt_ref.nii.gz,1.0,0.0,0.04257614857194705,78.1717475342094,0.00048722398874146203,446.8416520333599,565.5913403867405,4
23-11-2020,MID00387,flirt_fnmoco.nii.gz,0.968800023009631,27.74468218738516,0.03797186414472474,61.73160229970964,0.0005015726728077956,451.5930237541925,571.2780721098957,3
23-11-2020,MID00387,flirt_fnWMmoco.nii.gz,0.9771964482267341,28.91135674906158,0.038476525280035506,62.549610375911506,0.0004964793518452365,449.9591515584576,570.6993389626658,3
23-11-2020,MID00388,flirt_tclmoco.nii.gz,0.9453238172405903,23.770147205840424,0.036064943674380574,61.31128829275415,0.00043664616177154056,455.23825810717597,573.2102383251377,2
23-11-2020,MID00388,flirt_tclmocos.nii.gz,0.946015190975115,24.045319066982778,0.035745841317268844,59.95001002813882,0.00043691131648179444,455.01485842365696,573.1942581701317,2
23-11-2020,MID00388,flirt_nomoco.nii.gz,0.8743813355067072,19.453373028363636,0.0383446947093688,64.68893266152702,0.0004383992432532733,429.2451473252627,574.522453760618,1
23-11-2020,MID00388,flirt_ref.nii.gz,1.0,0.0,0.04257614857194705,78.1717475342094,0.00048722398874146203,446.8416520333599,565.5913403867405,4
23-11-2020,MID00388,flirt_fnmoco.nii.gz,0.9320099007857481,24.038314658337555,0.03627696519132596,59.503575530807886,0.0004798375842625404,446.3189724879735,575.0302022239082,2
23-11-2020,MID00388,flirt_fnWMmoco.nii.gz,0.9548703133961832,25.173744591814295,0.03681764908419908,61.89973217156563,0.00045243213708569296,455.2057973882521,573.252874130729,2
25-02-2021,MID00473,flirt_tclmoco.nii.gz,0.9934853942752206,33.399080289977434,0.047410232252714714,82.53886307308582,0.0005958331422321089,409.7225459633569,540.7330473418242,3
25-02-2021,MID00473,flirt_tclmocos.nii.gz,0.9934596535222141,32.30634639259525,0.04727008953901908,83.77040838859689,0.0005852416806515301,410.5057607493731,541.011433941902,4
25-02-2021,MID00473,flirt_nomoco.nii.gz,1.0,0.0,0.049467588621572016,90.27893966139771,0.0006075444171056113,408.61047999214475,538.3358703226683,Not Found
25-02-2021,MID00473,flirt_ref.nii.gz,1.0,0.0,0.049467588621572016,90.27893966139771,0.0006075444171056113,408.61047999214475,538.3358703226683,4
25-02-2021,MID00473,flirt_fnmoco.nii.gz,0.9990234610799764,41.17754183068902,0.04958012960795823,89.08879266367192,0.0006141839317364392,407.9708444231167,538.6513572907251,4
25-02-2021,MID00473,flirt_fnWMmoco.nii.gz,0.9990035426356589,40.497280491326634,0.04912247555210081,89.0031773357102,0.0006141484505057202,407.6150286038962,538.9715653665625,4
25-02-2021,MID00475,flirt_tclmoco.nii.gz,0.9366889001196284,23.03892569857437,0.04147418367660354,71.98787264737813,0.000514496835308586,430.7537128835827,545.7724695686211,1
25-02-2021,MID00475,flirt_tclmocos.nii.gz,0.9391800293558796,23.054589317033162,0.04094711498522089,70.71655808315528,0.0005133392351277407,430.3669771043078,545.9965856194369,2
25-02-2021,MID00475,flirt_nomoco.nii.gz,0.933201209693494,24.239715292506627,0.04119105721294333,67.64768297846649,0.0005974937772561709,424.509666974889,544.8990276166626,2
25-02-2021,MID00475,flirt_ref.nii.gz,1.0,0.0,0.049467588621572016,90.27893966139771,0.0006075444171056113,408.61047999214475,538.3358703226683,4
25-02-2021,MID00475,flirt_fnmoco.nii.gz,0.9511777019379262,26.06575758706019,0.04414127913081292,75.40525894153531,0.0005847100275502869,425.6414078248629,545.7067472199899,2
25-02-2021,MID00475,flirt_fnWMmoco.nii.gz,0.9510872738483641,25.99390588594669,0.044339165627907504,75.50679725742931,0.0005756557661588082,425.3281872599472,545.6936305002847,2
25-02-2021,MID00476,flirt_tclmoco.nii.gz,0.9245115241804526,22.509344840927795,0.040654995640163755,62.42893807123107,0.00046555087505221316,433.63856991883466,547.865926799827,2
25-02-2021,MID00476,flirt_tclmocos.nii.gz,0.9260500319377551,22.912225045805997,0.040274289656148446,63.24166225493994,0.0004642404715604649,434.3029383330205,548.237799984993,2
25-02-2021,MID00476,flirt_nomoco.nii.gz,0.9400820478094521,25.178262190660078,0.040169241915962495,62.08117505849244,0.0005846363955076024,422.66628941903826,549.8607931950248,2
25-02-2021,MID00476,flirt_ref.nii.gz,1.0,0.0,0.049467588621572016,90.27893966139771,0.0006075444171056113,408.61047999214475,538.3358703226683,4
25-02-2021,MID00476,flirt_fnmoco.nii.gz,0.943061732879221,25.78451778810168,0.04141356235838992,66.36862720292696,0.0005647764554340537,428.45071662844003,548.9564995876985,3
25-02-2021,MID00476,flirt_fnWMmoco.nii.gz,0.9436102904179318,25.748116574146348,0.041930521129378465,67.42716221755003,0.0005447962597837197,427.4111879024945,549.1795015483515,3
25-02-2021,MID00478,flirt_tclmoco.nii.gz,0.9726775216222726,28.83677439478893,0.045132618080510466,77.53423013974114,0.0005574552088116728,418.34806938346367,544.0014837501864,3
25-02-2021,MID00478,flirt_tclmocos.nii.gz,0.9737586117293593,29.248108765056973,0.045173139044939595,77.1070541308097,0.0005804338013754426,417.09415528002313,543.7704322948955,3
25-02-2021,MID00478,flirt_nomoco.nii.gz,0.9676767814442271,28.349814568917438,0.04383755925065742,72.29802059706533,0.0006005882142919169,417.2459109820223,543.6969574563677,3
25-02-2021,MID00478,flirt_ref.nii.gz,1.0,0.0,0.049467588621572016,90.27893966139771,0.0006075444171056113,408.61047999214475,538.3358703226683,4
25-02-2021,MID00478,flirt_fnmoco.nii.gz,0.9740273646898887,29.431091325389488,0.0455057061910806,76.46696151704231,0.0005981116570103533,415.0982762653175,543.1545698842644,3
25-02-2021,MID00478,flirt_fnWMmoco.nii.gz,0.9746572926645061,29.559113151911284,0.04525986977935781,76.49559443880827,0.0005957702096980361,414.99054784055284,543.2182864063923,3
25-11-2020,MID00017,flirt_tclmoco.nii.gz,0.9960671818511198,34.11786539225117,0.04298506107969178,75.7855026890843,0.00040423536103363584,479.33788755261025,593.4253225816553,4
25-11-2020,MID00017,flirt_tclmocos.nii.gz,0.9964037760296877,34.83112948639199,0.04353838475758837,76.7227306323634,0.0004044698869104891,479.7516439702468,593.2725206009382,4
25-11-2020,MID00017,flirt_nomoco.nii.gz,1.0,0.0,0.04476373399512884,77.13983485252528,0.0004162560130981251,479.29766094402686,592.5593067466268,Not Found
25-11-2020,MID00017,flirt_ref.nii.gz,1.0,0.0,0.04476373399512884,77.13983485252528,0.0004162560130981251,479.29766094402686,592.5593067466268,5
25-11-2020,MID00017,flirt_fnmoco.nii.gz,0.9993585452333055,43.458409722273494,0.045004752942681116,77.48095650278316,0.0004158129328326873,478.88615457838034,592.484744306694,5
25-11-2020,MID00017,flirt_fnWMmoco.nii.gz,0.9993734730916185,43.554359368281155,0.044579867667464426,76.14567297714095,0.0004156873976984662,478.76022146057477,592.7532588688348,4
25-11-2020,MID00018,flirt_tclmoco.nii.gz,0.9759256706954192,28.964779429760725,0.039895354341290275,65.40997304053015,0.00037254772753247386,480.50388406936423,599.0507334456129,3
25-11-2020,MID00018,flirt_tclmocos.nii.gz,0.9758233920851374,28.832718683223973,0.03962457059087926,64.60225274366991,0.00037411660297106383,480.7451400328417,599.3549797613996,3
25-11-2020,MID00018,flirt_nomoco.nii.gz,0.9704404931014885,27.658898673427018,0.03867239562629539,62.69989575412978,0.0003647482270645725,481.9224539010765,599.6886775731984,3
25-11-2020,MID00018,flirt_ref.nii.gz,1.0,0.0,0.04476373399512884,77.13983485252528,0.0004162560130981251,479.29766094402686,592.5593067466268,4
25-11-2020,MID00018,flirt_fnmoco.nii.gz,0.9744091796690061,28.837742512928777,0.039960120244764655,63.81311523299878,0.00039057069330181724,481.05391217186093,598.8805912710618,3
25-11-2020,MID00018,flirt_fnWMmoco.nii.gz,0.9748294780755082,28.85506233926096,0.040106881632671204,64.63327615947102,0.00038489807375764,481.13589651961667,598.6574647634105,3
25-11-2020,MID00020,flirt_tclmoco.nii.gz,0.978739507240544,29.423581291494774,0.04018597395130708,64.90378721124586,0.0003886885790840071,480.2453552132795,596.6258652165957,3
25-11-2020,MID00020,flirt_tclmocos.nii.gz,0.9789915176712708,29.458316151668782,0.04078931171489366,66.10863203911117,0.00039299975307553476,478.6545160176139,596.4004932166489,4
25-11-2020,MID00020,flirt_nomoco.nii.gz,0.9759859040681038,28.83959799042412,0.040688018778120574,65.53850479216148,0.0003867220142629882,479.34306363287277,596.4179218190006,3
25-11-2020,MID00020,flirt_ref.nii.gz,1.0,0.0,0.04476373399512884,77.13983485252528,0.0004162560130981251,479.29766094402686,592.5593067466268,4
25-11-2020,MID00020,flirt_fnmoco.nii.gz,0.9775244457782155,29.782959983076005,0.0407536871199994,66.23589910967566,0.00039081144244199604,479.78978301400565,596.1127374482218,3
25-11-2020,MID00020,flirt_fnWMmoco.nii.gz,0.9784384989991486,29.881574083507513,0.04068968501339728,65.98094538591268,0.00039476392029063055,479.4029784897584,595.8564359876792,3
26-10-2020,MID00398,flirt_tclmoco.nii.gz,0.997638218723289,38.191393929343064,0.04891697792599875,83.58737186304802,0.0005783125273668582,436.6982721896226,553.8757272821831,4
26-10-2020,MID00398,flirt_tclmocos.nii.gz,0.9984203728189966,38.98977929328666,0.048542569368923615,83.32284080734833,0.0005820019926763063,436.7171374104168,553.7779442079803,5
26-10-2020,MID00398,flirt_nomoco.nii.gz,1.0,0.0,0.049770872873265176,84.76747334438653,0.0005831559684750659,434.8465476318267,553.3232161968139,Not Found
26-10-2020,MID00398,flirt_ref.nii.gz,1.0,0.0,0.049770872873265176,84.76747334438653,0.0005831559684750659,434.8465476318267,553.3232161968139,5
26-10-2020,MID00398,flirt_fnmoco.nii.gz,0.9992778144101667,41.785964074559764,0.04996510613775855,86.77003294891136,0.0005813936700354367,434.8432646921601,552.9291377395948,5
26-10-2020,MID00398,flirt_fnWMmoco.nii.gz,0.9993688020652065,42.44080706659115,0.05016371307524621,86.77249873598885,0.0005816705072237773,434.8641237991135,552.920473457498,5
26-10-2020,MID00402,flirt_tclmoco.nii.gz,0.9632933819834332,26.554293260889906,0.0447859540994217,74.96098266502516,0.0005585586858444931,442.1532411546605,555.8471021556097,3
26-10-2020,MID00402,flirt_tclmocos.nii.gz,0.9642520145855322,26.619374471461114,0.044974605577182726,75.11101268374213,0.0005510940408455245,441.0732832042097,555.7916491847564,3
26-10-2020,MID00402,flirt_nomoco.nii.gz,0.913446633855724,21.5793164982474,0.042278305159935324,70.06553710133205,0.0005410287627727364,446.549948898479,555.9862315479363,2
26-10-2020,MID00402,flirt_ref.nii.gz,1.0,0.0,0.049770872873265176,84.76747334438653,0.0005831559684750659,434.8465476318267,553.3232161968139,4
26-10-2020,MID00402,flirt_fnmoco.nii.gz,0.9526666594818339,24.908555754099623,0.043584947404652075,72.42719686064888,0.0005558833546118912,443.85374168324097,556.3018184007811,2
26-10-2020,MID00402,flirt_fnWMmoco.nii.gz,0.9555196940000024,24.9617319142795,0.0444549403373573,73.1815631119011,0.0005537098985302711,442.6241909200768,556.0874763663004,2
26-10-2020,MID00403,flirt_tclmoco.nii.gz,0.9499916177141128,24.440311016046202,0.04352406926917184,73.03852205141298,0.0005364596020073391,449.4560964579407,557.2171832370224,2
26-10-2020,MID00403,flirt_tclmocos.nii.gz,0.9531851580876733,24.667948369443117,0.04424538505438291,74.61277408968272,0.0005346077309021082,447.1210704560552,556.6676220408933,3
26-10-2020,MID00403,flirt_nomoco.nii.gz,0.8586114068213646,18.209373357347655,0.04047927838191443,67.54035098407023,0.0005655151940820127,446.98113880966264,557.3726146850578,1
26-10-2020,MID00403,flirt_ref.nii.gz,1.0,0.0,0.049770872873265176,84.76747334438653,0.0005831559684750659,434.8465476318267,553.3232161968139,4
26-10-2020,MID00403,flirt_fnmoco.nii.gz,0.9299006645273846,22.551720222439727,0.042233459086902334,66.97948870520705,0.0005634050577097175,449.5525375982696,557.6294526145748,2
26-10-2020,MID00403,flirt_fnWMmoco.nii.gz,0.9416196625283834,23.550756605712717,0.042954075526167396,69.96325727441331,0.0005482194786915577,448.954928919184,557.1289860948947,2
26-11-2020,MID00032,flirt_tclmoco.nii.gz,0.9766733541216455,30.673951557635174,0.050046310864552905,91.62255193037156,0.000419936544808452,406.80835357450536,549.1736902528268,3
26-11-2020,MID00032,flirt_tclmocos.nii.gz,0.9784981711900547,30.894321958961655,0.051095207427823676,91.16585796499439,0.00042375761835910614,405.7154679754478,548.7941747770126,3
26-11-2020,MID00032,flirt_nomoco.nii.gz,1.0,0.0,0.057669112500861104,121.49213953599073,0.00044228458977821464,394.9965013740659,542.592327005061,Not Found
26-11-2020,MID00032,flirt_ref.nii.gz,1.0,0.0,0.057669112500861104,121.49213953599073,0.00044228458977821464,394.9965013740659,542.592327005061,4
26-11-2020,MID00032,flirt_fnmoco.nii.gz,0.9983160886855167,41.86323667816158,0.058557648874814364,120.14662235621535,0.00044428242335857313,394.6977260187161,542.6247649868906,5
26-11-2020,MID00032,flirt_fnWMmoco.nii.gz,0.9983736998431705,42.174646346568714,0.0585313769748317,118.68695780095973,0.0004444827130094142,395.44137968150295,543.0866673887846,5
26-11-2020,MID00033,flirt_tclmoco.nii.gz,0.9732799722446758,30.96878447089237,0.05026485075587583,93.08736124294906,0.0004071545721265677,406.6581008883393,549.5814904207033,3
26-11-2020,MID00033,flirt_tclmocos.nii.gz,0.9735173183439024,31.03090264545479,0.05102981084018318,94.43805324963496,0.00040753337885922645,403.1564726961341,549.0105096510615,3
26-11-2020,MID00033,flirt_nomoco.nii.gz,0.976848387090351,31.959720782757003,0.05085467614813893,99.84430972353036,0.0004098544941889115,398.5819310302552,547.7558459219608,3
26-11-2020,MID00033,flirt_ref.nii.gz,1.0,0.0,0.057669112500861104,121.49213953599073,0.00044228458977821464,394.9965013740659,542.592327005061,4
26-11-2020,MID00033,flirt_fnmoco.nii.gz,0.9826707008859111,32.814641803531245,0.0521093312931411,101.17896794526114,0.00042315013111991816,398.82104446399774,546.5424498051939,3
26-11-2020,MID00033,flirt_fnWMmoco.nii.gz,0.9829730095195715,32.87319804086621,0.05224612253757829,101.17395180323507,0.0004231467045954295,398.5588297636817,546.640420272694,3
26-11-2020,MID00035,flirt_tclmoco.nii.gz,0.9838106515050223,32.980434302053155,0.052402968482606574,93.80641807767776,0.0004061163098143132,401.4061946725651,548.0475461969841,3
26-11-2020,MID00035,flirt_tclmocos.nii.gz,0.9839677248459854,32.86174977705622,0.05248535551421543,95.43938296687371,0.0004065241472012735,399.8111321927673,548.163926295013,3
26-11-2020,MID00035,flirt_nomoco.nii.gz,0.9626850491213685,29.871266456669808,0.050276033142367796,89.16985784452346,0.00037146054970919824,402.3601171290808,549.8550960864278,2
26-11-2020,MID00035,flirt_ref.nii.gz,1.0,0.0,0.057669112500861104,121.49213953599073,0.00044228458977821464,394.9965013740659,542.592327005061,4
26-11-2020,MID00035,flirt_fnmoco.nii.gz,0.9826412976895473,33.527881281325215,0.05075852933683559,94.91815326395685,0.00040535143477502087,398.99357587616737,547.8628563312379,3
26-11-2020,MID00035,flirt_fnWMmoco.nii.gz,0.9839990665289263,33.65460019507421,0.05116652658463938,95.2949205685544,0.0004092961964429214,398.9313288582654,547.8658846035989,3
26-11-2020,MID00036,flirt_tclmoco.nii.gz,0.9644733173976049,29.509339503786244,0.048044719474850506,86.82375244209925,0.00035757197562899133,409.7555800715905,552.6091024160662,2
26-11-2020,MID00036,flirt_tclmocos.nii.gz,0.9658779641232813,29.57604153355655,0.0493350064965812,87.13282554745109,0.0003690790099702342,406.19281067880354,552.8075557693113,2
26-11-2020,MID00036,flirt_nomoco.nii.gz,0.9212675117914495,25.607163103011104,0.04406274754180637,75.89248671485406,0.00037981362546691584,398.43864555639806,555.5043896634111,1
26-11-2020,MID00036,flirt_ref.nii.gz,1.0,0.0,0.057669112500861104,121.49213953599073,0.00044228458977821464,394.9965013740659,542.592327005061,4
26-11-2020,MID00036,flirt_fnmoco.nii.gz,0.9703422259784157,30.789015767508157,0.0487589423315542,85.96369362748368,0.0003658136104929646,402.5682004096715,549.9356853226188,2
26-11-2020,MID00036,flirt_fnWMmoco.nii.gz,0.9740592424041049,31.164644782835992,0.04878842611780566,87.87718126320007,0.0003723221551655266,403.0783825099549,549.6006877389632,2
