Sbj,Acq,File,SSIM,PSNR,FSIM,VIF,LPIPS,AES,TG,NGS,GE,IE,Score
02-12-2020,MID00234,flirt_fnWMmoco.nii.gz,0.9994576573371887,42.3493341500769,0.999580442905426,0.9097854495048523,0.0011647175997495651,0.014160839216434963,4.136978771516255,0.0007993991872513252,370.52320068320273,509.3983459472656,4
02-12-2020,MID00234,flirt_fnmoco.nii.gz,0.9994666576385498,42.387376924342064,0.9995840191841125,0.910008430480957,0.001123998430557549,0.014160426578158735,4.136241292122221,0.0007994465853199016,370.5141842574757,509.4085998535156,4
02-12-2020,MID00234,flirt_nomoco.nii.gz,1.0,0.0,1.0,1.0,0.0,0.014116249493432232,4.14137698312188,0.0007959436622842094,371.3304208911018,509.6620178222656,Not Found
02-12-2020,MID00234,flirt_ref.nii.gz,1.0,0.0,1.0,1.0,0.0,0.014116249493432232,4.14137698312188,0.0007959436622842094,371.3304208911018,509.6620178222656,4
02-12-2020,MID00234,flirt_tclmoco.nii.gz,0.9971358776092529,33.93734770379287,0.9975654482841492,0.7716272473335266,0.006128052715212107,0.013955262926623871,4.021717861410268,0.0007918195866785275,372.5133846825141,510.815673828125,4
02-12-2020,MID00234,flirt_tclmocos.nii.gz,0.9973397254943848,34.20956057181689,0.9977549910545349,0.7791407704353333,0.005704962648451328,0.01396211996531234,4.024651102070642,0.0007924823287862922,372.3421255613183,510.703857421875,4
02-12-2020,MID00235,flirt_fnWMmoco.nii.gz,0.9843225479125977,28.356201914562845,0.9904186725616455,0.5835425853729248,0.03418007865548134,0.013767506716673285,3.9594802314244664,0.0007745401325539521,377.6971471639728,513.6991577148438,3
02-12-2020,MID00235,flirt_fnmoco.nii.gz,0.9841079115867615,28.391780219294652,0.9903149604797363,0.5822005271911621,0.034683145582675934,0.013797205046243998,3.9623568914418046,0.0007735785651485298,377.90675152113374,513.5642700195312,3
02-12-2020,MID00235,flirt_nomoco.nii.gz,0.9800859689712524,26.625983379726943,0.9877974987030029,0.5381090044975281,0.04427752271294594,0.013559287415417603,3.845941219442782,0.0007656792047328184,379.97810405034346,514.6636352539062,3
02-12-2020,MID00235,flirt_ref.nii.gz,1.0,0.0,1.0,1.0,0.0,0.014116249493432232,4.14137698312188,0.0007959436622842094,371.3304208911018,509.6620178222656,4
02-12-2020,MID00235,flirt_tclmoco.nii.gz,0.9850881099700928,28.13691072961502,0.9906147122383118,0.5838871598243713,0.03243304044008255,0.013534923926144367,3.9042741285438787,0.0007693238159146701,378.9272000050358,514.0933837890625,3
02-12-2020,MID00235,flirt_tclmocos.nii.gz,0.9853783845901489,28.108121484069674,0.9908319115638733,0.5875347852706909,0.03213416412472725,0.01349624412399941,3.8902092587438184,0.0007705258392739268,378.5868786961729,514.191162109375,3
02-12-2020,MID00237,flirt_fnWMmoco.nii.gz,0.9707764387130737,24.75823644447448,0.983521044254303,0.48830243945121765,0.05667949095368385,0.01356857802890299,3.73690095655645,0.0007569357517839872,382.8607799330189,518.53173828125,2
02-12-2020,MID00237,flirt_fnmoco.nii.gz,0.970785915851593,24.78788876405329,0.9835003614425659,0.48827558755874634,0.05655084177851677,0.013571963802892687,3.7393612485922207,0.0007573471789699759,382.77691667795335,518.4328002929688,2
02-12-2020,MID00237,flirt_nomoco.nii.gz,0.9692412614822388,24.502950074359713,0.9827744364738464,0.47759318351745605,0.058753851801157,0.01368896982256689,3.7867106538750614,0.0007553176065376934,383.2129106508495,518.14404296875,2
02-12-2020,MID00237,flirt_ref.nii.gz,1.0,0.0,1.0,1.0,0.0,0.014116249493432232,4.14137698312188,0.0007959436622842094,371.3304208911018,509.6620178222656,5
02-12-2020,MID00237,flirt_tclmoco.nii.gz,0.9706647992134094,25.15376395245729,0.9830396771430969,0.4757675230503082,0.05728350579738617,0.013326643903522017,3.6654069621208465,0.000746840011774535,385.2107712011835,518.2362670898438,2
02-12-2020,MID00237,flirt_tclmocos.nii.gz,0.9705931544303894,25.088766501147898,0.9829891920089722,0.475847989320755,0.05696872994303703,0.013331403775411912,3.6762069550030563,0.0007465446525661555,385.2807774744914,518.266357421875,2
11-11-2020,MID00367,flirt_fnWMmoco.nii.gz,0.9989975094795227,38.57014743294995,0.9993018507957458,0.8453820943832397,0.002451407490298152,0.016090379829764,5.785224991494472,0.0008246818879696599,371.770871499378,487.3505554199219,4
11-11-2020,MID00367,flirt_fnmoco.nii.gz,0.9989883899688721,38.3048778211271,0.9992603063583374,0.8428919315338135,0.0023739219177514315,0.016067968243803573,5.775170323411502,0.0008246520825494965,371.7754327428028,487.3454895019531,4
11-11-2020,MID00367,flirt_nomoco.nii.gz,1.0,0.0,1.0,1.0,0.0,0.016110839915198186,5.794066899845062,0.0008220025386565788,372.3962281386559,487.3161315917969,Not Found
11-11-2020,MID00367,flirt_ref.nii.gz,1.0,0.0,1.0,1.0,0.0,0.016110839915198186,5.794066899845062,0.0008220025386565788,372.3962281386559,487.3161315917969,4
11-11-2020,MID00367,flirt_tclmoco.nii.gz,0.9846024513244629,26.43347917429898,0.9898057579994202,0.5214217901229858,0.022681064903736115,0.015438505804962248,5.17047841856889,0.0008088758437616647,376.4232112924923,489.3274841308594,3
11-11-2020,MID00367,flirt_tclmocos.nii.gz,0.9850962162017822,26.464127267283715,0.9899624586105347,0.5287306308746338,0.023037981241941452,0.01534413463359875,5.071169084404293,0.0008124825142373091,375.4087068022727,489.7635498046875,3
11-11-2020,MID00370,flirt_fnWMmoco.nii.gz,0.9625622034072876,22.61277428918243,0.9795805811882019,0.38454535603523254,0.04911040514707565,0.014634181536864677,4.742859872009949,0.0007946743867147692,380.7329449648959,490.8598937988281,2
11-11-2020,MID00370,flirt_fnmoco.nii.gz,0.9512091875076294,21.282862258341638,0.9752620458602905,0.3439256548881531,0.05802328139543533,0.014520318577079297,4.59427246245884,0.0007999229844766348,379.94953790215794,491.3223571777344,2
11-11-2020,MID00370,flirt_nomoco.nii.gz,0.9282081723213196,19.323606313643936,0.9686294198036194,0.2809598743915558,0.06979307532310486,0.014180055712364846,4.322523536504387,0.0008004324509903543,380.35189809101536,491.9913635253906,1
11-11-2020,MID00370,flirt_ref.nii.gz,1.0,0.0,1.0,1.0,0.0,0.016110839915198186,5.794066899845062,0.0008220025386565788,372.3962281386559,487.3161315917969,5
11-11-2020,MID00370,flirt_tclmoco.nii.gz,0.9604157209396362,22.327802729794332,0.9777616262435913,0.37169986963272095,0.05121470242738724,0.014654638578033034,4.597427848855463,0.0007933889118451751,381.0933195955283,491.5867004394531,2
11-11-2020,MID00370,flirt_tclmocos.nii.gz,0.9612826704978943,22.39427423111175,0.9781314134597778,0.3754175305366516,0.05034602805972099,0.014679543803021803,4.609955187164033,0.000794567107442577,380.71492641560485,491.5427551269531,2
11-11-2020,MID00371,flirt_fnWMmoco.nii.gz,0.9579677581787109,22.07277000433217,0.9777365922927856,0.36322465538978577,0.05471131578087807,0.014398130682436873,4.701558461985646,0.0007870521287005457,382.80605743561205,491.05828857421875,2
11-11-2020,MID00371,flirt_fnmoco.nii.gz,0.9431681632995605,20.615145077262518,0.9725087881088257,0.3178580105304718,0.06581486761569977,0.014112551127765261,4.395836489616628,0.0007941578648373773,381.7560286484933,491.6459045410156,2
11-11-2020,MID00371,flirt_nomoco.nii.gz,0.9059820771217346,18.070713683845245,0.9634550213813782,0.2379671335220337,0.08068378269672394,0.013805752966422193,4.161324633187236,0.0007927345451736262,382.5506734222661,492.0527038574219,1
11-11-2020,MID00371,flirt_ref.nii.gz,1.0,0.0,1.0,1.0,0.0,0.016110839915198186,5.794066899845062,0.0008220025386565788,372.3962281386559,487.3161315917969,4
11-11-2020,MID00371,flirt_tclmoco.nii.gz,0.9458696246147156,20.758852454404135,0.9719802737236023,0.3168925642967224,0.06591677665710449,0.014252635065180893,4.500490960483917,0.0007866110535918662,383.40274934047693,491.60302734375,2
11-11-2020,MID00371,flirt_tclmocos.nii.gz,0.9465768337249756,20.800014922870982,0.9722604751586914,0.31923919916152954,0.06533320993185043,0.014254240863124759,4.503193535302488,0.0007873577216647827,383.199982060297,491.5360412597656,2
18-11-2020,MID00291,flirt_fnWMmoco.nii.gz,0.9996355175971985,42.43534200753452,0.9996715188026428,0.9097955226898193,0.0008736219024285674,0.016242627142558565,5.884690445248957,0.0008294997538920567,370.47530655007586,486.793701171875,4
18-11-2020,MID00291,flirt_fnmoco.nii.gz,0.9996539950370789,42.649914932519664,0.9997236728668213,0.9145712852478027,0.0009079707087948918,0.01627320358770066,5.903003394151452,0.0008299901599042642,370.3764990544427,486.7566833496094,4
18-11-2020,MID00291,flirt_nomoco.nii.gz,1.0,0.0,1.0,1.0,0.0,0.01631167521847845,5.935483128036154,0.0008281382454481717,370.7903355489279,486.55975341796875,Not Found
18-11-2020,MID00291,flirt_ref.nii.gz,1.0,0.0,1.0,1.0,0.0,0.01631167521847845,5.935483128036154,0.0008281382454481717,370.7903355489279,486.55975341796875,4
18-11-2020,MID00291,flirt_tclmoco.nii.gz,0.9884575605392456,27.993681542998658,0.9915801286697388,0.5768332481384277,0.024706587195396423,0.015553734352628672,5.240960558575229,0.000807830694313637,376.03410750322297,488.8001403808594,3
18-11-2020,MID00291,flirt_tclmocos.nii.gz,0.9904062747955322,28.681998757916926,0.9928828477859497,0.5992829203605652,0.019458439201116562,0.015859192370569493,5.575804584032226,0.0008140386032283062,374.5197400537891,488.04705810546875,3
18-11-2020,MID00294,flirt_fnWMmoco.nii.gz,0.9712191224098206,23.99107239213363,0.9826722145080566,0.42158231139183044,0.045897964388132095,0.015017910481727565,4.946906003013431,0.0007919559190165329,380.83548048401127,490.0591125488281,3
18-11-2020,MID00294,flirt_fnmoco.nii.gz,0.9572490453720093,21.914630655212722,0.9769521355628967,0.3593951165676117,0.05826364830136299,0.014669855001848274,4.590757972200963,0.0007939766353682023,380.8735367536093,490.55126953125,2
18-11-2020,MID00294,flirt_nomoco.nii.gz,0.9400144219398499,20.235184991824845,0.9714522957801819,0.30557915568351746,0.0674496442079544,0.014470014208300462,4.323366966947969,0.0008035330718176558,379.18755440259355,490.9928894042969,1
18-11-2020,MID00294,flirt_ref.nii.gz,1.0,0.0,1.0,1.0,0.0,0.01631167521847845,5.935483128036154,0.0008281382454481717,370.7903355489279,486.55975341796875,4
18-11-2020,MID00294,flirt_tclmoco.nii.gz,0.9581153392791748,22.09019347390272,0.9761607646942139,0.3552762567996979,0.0623604990541935,0.014244714591256716,4.749881676786876,0.0007732959338914525,386.1193111136827,490.74169921875,2
18-11-2020,MID00294,flirt_tclmocos.nii.gz,0.9621227383613586,22.576406723719376,0.9778637290000916,0.3771324157714844,0.0576886311173439,0.014477708576877845,4.808622013465951,0.0007792738693840334,384.37370392620204,490.61456298828125,2
18-11-2020,MID00295,flirt_fnWMmoco.nii.gz,0.9639825224876404,22.865485811284866,0.9797469973564148,0.38802385330200195,0.052793074399232864,0.014751953673131788,4.827170949346963,0.0007917494848747456,381.2239128395027,490.54345703125,3
18-11-2020,MID00295,flirt_fnmoco.nii.gz,0.9484798908233643,21.10532720762309,0.973949134349823,0.3327512741088867,0.06441926956176758,0.01444629022122226,4.519037324541381,0.000797173898210085,380.4375056195017,490.9635009765625,1
18-11-2020,MID00295,flirt_nomoco.nii.gz,0.9261601567268372,19.356590525118097,0.967944860458374,0.27880945801734924,0.07448506355285645,0.01400809398897448,4.13094405378296,0.000800465799362326,380.01667702348584,491.7931823730469,1
18-11-2020,MID00295,flirt_ref.nii.gz,1.0,0.0,1.0,1.0,0.0,0.01631167521847845,5.935483128036154,0.0008281382454481717,370.7903355489279,486.55975341796875,4
18-11-2020,MID00295,flirt_tclmoco.nii.gz,0.9655352830886841,23.136141221418768,0.9798394441604614,0.3960144519805908,0.05584722012281418,0.01468539464461111,4.904140448836527,0.0007814673587931856,383.85113942952324,490.4977111816406,2
18-11-2020,MID00295,flirt_tclmocos.nii.gz,0.9669952392578125,23.30296225474311,0.9805827736854553,0.4029734432697296,0.05430689454078674,0.014673804016539074,4.878588215162201,0.0007842053676008258,383.0521492272601,490.3540954589844,3
19-02-2021,MID00253,flirt_fnWMmoco.nii.gz,0.9993773102760315,42.02038236980989,0.9996638894081116,0.894029974937439,0.0010055480524897575,0.014812218406489898,5.5087347237933395,0.0008108299921120878,392.00688914047873,501.2866516113281,4
19-02-2021,MID00253,flirt_fnmoco.nii.gz,0.999377965927124,41.831944308596015,0.9996635913848877,0.8935832977294922,0.0009568893583491445,0.014864500814494764,5.560503691846327,0.0008101794377320591,392.13621593204505,501.1517639160156,4
19-02-2021,MID00253,flirt_nomoco.nii.gz,1.0,0.0,1.0,1.0,0.0,0.014874350616999375,5.574374740815428,0.0008107519399079903,392.01171718948757,501.0772705078125,Not Found
19-02-2021,MID00253,flirt_ref.nii.gz,1.0,0.0,1.0,1.0,0.0,0.014874350616999375,5.574374740815428,0.0008107519399079903,392.01171718948757,501.0772705078125,4
19-02-2021,MID00253,flirt_tclmoco.nii.gz,0.9970540404319763,34.74844097597984,0.9976495504379272,0.7484135031700134,0.005578512325882912,0.014644885485123825,5.387282912043396,0.0008085991889680299,392.64643383183756,501.8273620605469,4
19-02-2021,MID00253,flirt_tclmocos.nii.gz,0.9974158406257629,35.19670628929266,0.9977859258651733,0.7599846124649048,0.004662714898586273,0.01471585142872722,5.477447925426667,0.000806273264470802,393.23062168211743,501.53173828125,4
19-02-2021,MID00254,flirt_fnWMmoco.nii.gz,0.9804956316947937,26.08844661307009,0.9863854050636292,0.4969549775123596,0.02888394147157669,0.01402422827250072,4.8982579135830155,0.0007961867167213016,395.9921951317465,504.0400390625,4
19-02-2021,MID00254,flirt_fnmoco.nii.gz,0.9788385629653931,25.718888663877625,0.9854453802108765,0.48277217149734497,0.03163660317659378,0.013935846424514816,4.814226291607736,0.0007944633982203609,396.54052957283477,504.06170654296875,4
19-02-2021,MID00254,flirt_nomoco.nii.gz,0.9737021923065186,24.666729875136262,0.9827126264572144,0.44397270679473877,0.03822147846221924,0.013865726929599519,4.702521920788095,0.0007937198662641413,396.9758122042853,504.294677734375,4
19-02-2021,MID00254,flirt_ref.nii.gz,1.0,0.0,1.0,1.0,0.0,0.014874350616999375,5.574374740815428,0.0008107519399079903,392.01171718948757,501.0772705078125,4
19-02-2021,MID00254,flirt_tclmoco.nii.gz,0.980643630027771,26.094982321028134,0.9864400625228882,0.5008337497711182,0.029987797141075134,0.013963046451190727,4.866957202051122,0.0007946092242903995,396.3344728202286,504.4178466796875,4
19-02-2021,MID00254,flirt_tclmocos.nii.gz,0.9817145466804504,26.41297232952746,0.9870008826255798,0.5097230672836304,0.028971323743462563,0.01397560047902946,4.875873434067391,0.0007965252243283887,395.7692637426437,504.3373718261719,4
19-02-2021,MID00256,flirt_fnWMmoco.nii.gz,0.9801738858222961,25.940985850700077,0.9862259030342102,0.49248993396759033,0.029403625056147575,0.014100567534565105,4.885811741883012,0.0008093325144300161,392.44318811494924,503.7428894042969,4
19-02-2021,MID00256,flirt_fnmoco.nii.gz,0.9732532501220703,24.33232459017572,0.9822241067886353,0.44239136576652527,0.039082713425159454,0.013892227754953508,4.49103440606178,0.0008151520117830478,391.4077780444408,504.7677917480469,4
19-02-2021,MID00256,flirt_nomoco.nii.gz,0.9473382234573364,21.23681262039849,0.9714997410774231,0.3425198793411255,0.05961738899350166,0.01358587304171007,3.8454264818740924,0.000837246059152319,387.00516517332153,507.03314208984375,1
19-02-2021,MID00256,flirt_ref.nii.gz,1.0,0.0,1.0,1.0,0.0,0.014874350616999375,5.574374740815428,0.0008107519399079903,392.01171718948757,501.0772705078125,4
19-02-2021,MID00256,flirt_tclmoco.nii.gz,0.975365400314331,24.838401002053033,0.9832018613815308,0.4633246064186096,0.03716648742556572,0.013703143307934365,4.533561939810616,0.0007998207444506805,395.45093626094473,505.13592529296875,3
19-02-2021,MID00256,flirt_tclmocos.nii.gz,0.9759848117828369,24.919931782578175,0.9835736751556396,0.4658900499343872,0.03670904412865639,0.013748667007724808,4.559690416944779,0.0008006685085367428,395.1727440533565,505.0957946777344,4
19-02-2021,MID00257,flirt_fnWMmoco.nii.gz,0.9875349402427673,28.886197734529638,0.9908761978149414,0.584954023361206,0.0281111728399992,0.013884072335218638,4.688208140508858,0.000812717571084352,391.6924339081646,504.2326354980469,5
19-02-2021,MID00257,flirt_fnmoco.nii.gz,0.9843541979789734,27.374644342433573,0.9885878562927246,0.5463640689849854,0.03352474793791771,0.013759255817905106,4.4881875201426045,0.0008110663941481564,392.22681831987023,504.8556213378906,4
19-02-2021,MID00257,flirt_nomoco.nii.gz,0.9637753963470459,23.291452326862064,0.9771641492843628,0.41376182436943054,0.05099185183644295,0.013584122460203386,4.003087449466449,0.0008375509569156091,386.85089780984526,506.45050048828125,2
19-02-2021,MID00257,flirt_ref.nii.gz,1.0,0.0,1.0,1.0,0.0,0.014874350616999375,5.574374740815428,0.0008107519399079903,392.01171718948757,501.0772705078125,4
19-02-2021,MID00257,flirt_tclmoco.nii.gz,0.9878057241439819,29.030729492417578,0.9910687804222107,0.5892415642738342,0.027135619893670082,0.013862343136962682,4.712798728171828,0.0008059993304356375,393.1885284777799,504.1816711425781,5
19-02-2021,MID00257,flirt_tclmocos.nii.gz,0.9876914620399475,28.99434494586454,0.9909946918487549,0.5877519845962524,0.027588412165641785,0.013852510149058443,4.701450369077552,0.0008066190986033662,393.02816378175055,504.2070617675781,4
20-11-2020,MID00305,flirt_fnWMmoco.nii.gz,0.999585747718811,43.106800978728415,0.9995959997177124,0.9123296141624451,0.0009958866285160184,0.0155043054083788,5.752803584822283,0.0007525591016666269,392.8504112574864,511.1309814453125,4
20-11-2020,MID00305,flirt_fnmoco.nii.gz,0.999525249004364,42.41124222512586,0.9995543956756592,0.9038670659065247,0.001144304871559143,0.015497239831581718,5.743853814209337,0.0007525763188170057,392.854546307078,511.1325378417969,4
20-11-2020,MID00305,flirt_nomoco.nii.gz,1.0,0.0,1.0,1.0,0.0,0.015493009406561937,5.7281657362088545,0.0007516872257720232,393.06830179842825,511.2071228027344,Not Found
20-11-2020,MID00305,flirt_ref.nii.gz,1.0,0.0,1.0,1.0,0.0,0.015493009406561937,5.7281657362088545,0.0007516872257720232,393.06830179842825,511.2071228027344,4
20-11-2020,MID00305,flirt_tclmoco.nii.gz,0.993181586265564,30.72761875554876,0.9937307238578796,0.6399768590927124,0.015420099720358849,0.014810064049360963,5.18171880892333,0.0007364030839135467,397.78569588771273,512.9375,4
20-11-2020,MID00305,flirt_tclmocos.nii.gz,0.9939942955970764,31.46244041934503,0.9943815469741821,0.6572502255439758,0.012065966613590717,0.015007203588191173,5.362997655197137,0.0007388637026003894,397.0112687587162,512.2767944335938,4
20-11-2020,MID00306,flirt_fnWMmoco.nii.gz,0.9530178904533386,21.616275030756093,0.973614513874054,0.3607366681098938,0.06662052869796753,0.013857591745774379,4.619020318197425,0.0006942486673656643,411.9600455296597,517.6104125976562,2
20-11-2020,MID00306,flirt_fnmoco.nii.gz,0.9530078768730164,21.793684686321285,0.9735305905342102,0.3612269163131714,0.06782420724630356,0.013823626757242836,4.5027709496614605,0.0006970291633155213,411.29131802549875,517.1869506835938,2
20-11-2020,MID00306,flirt_nomoco.nii.gz,0.9438623189926147,20.96973718105448,0.9704006910324097,0.3307989537715912,0.07342406362295151,0.013561563687328719,4.399878220501154,0.0006917464774856795,412.9115993570703,516.92822265625,2
20-11-2020,MID00306,flirt_ref.nii.gz,1.0,0.0,1.0,1.0,0.0,0.015493009406561937,5.7281657362088545,0.0007516872257720232,393.06830179842825,511.2071228027344,4
20-11-2020,MID00306,flirt_tclmoco.nii.gz,0.9612175822257996,22.997720098663013,0.9774287939071655,0.39287900924682617,0.06068342179059982,0.013872962976049548,4.780481944247275,0.0006898330433120141,412.9675301388954,516.5591430664062,2
20-11-2020,MID00306,flirt_tclmocos.nii.gz,0.9613314867019653,22.955645669994666,0.9774614572525024,0.39345547556877136,0.061132658272981644,0.013912752529513206,4.801865520644579,0.0006905105946323338,412.7650888489235,516.68896484375,2
20-11-2020,MID00308,flirt_fnWMmoco.nii.gz,0.9741283059120178,24.885146419298902,0.9824159741401672,0.45091643929481506,0.03966708108782768,0.014276750564648234,4.761669745258582,0.0007221351620723454,402.4711686177989,514.1351928710938,2
20-11-2020,MID00308,flirt_fnmoco.nii.gz,0.9709758758544922,24.195032589645443,0.9806886911392212,0.43205779790878296,0.0436737947165966,0.014171520811060137,4.711837347460318,0.0007172304778227978,403.8029174423395,514.2339477539062,2
20-11-2020,MID00308,flirt_nomoco.nii.gz,0.9569033980369568,22.227981964717316,0.9745185971260071,0.3639262914657593,0.055114295333623886,0.01386359450119556,4.466166171693541,0.0007132703735557485,405.42109765397186,514.8123168945312,2
20-11-2020,MID00308,flirt_ref.nii.gz,1.0,0.0,1.0,1.0,0.0,0.015493009406561937,5.7281657362088545,0.0007516872257720232,393.06830179842825,511.2071228027344,4
20-11-2020,MID00308,flirt_tclmoco.nii.gz,0.9799222350120544,26.441689231921295,0.9860373139381409,0.5011361241340637,0.0342194065451622,0.01435971030250988,4.840318781527541,0.0007285084546636266,400.47371859010184,514.0608520507812,3
20-11-2020,MID00308,flirt_tclmocos.nii.gz,0.9806365966796875,26.644975801884783,0.986422061920166,0.5077027678489685,0.033148929476737976,0.014327351602161222,4.808223605158268,0.0007310519275801274,399.64944256886093,513.9866943359375,3
20-11-2020,MID00309,flirt_fnWMmoco.nii.gz,0.971287727355957,24.556643195739714,0.9809815287590027,0.43229812383651733,0.047846440225839615,0.01407838114074265,4.620889153955294,0.0007140769653657212,405.00148412733733,514.6190185546875,2
20-11-2020,MID00309,flirt_fnmoco.nii.gz,0.9662950038909912,23.664729028043922,0.97826087474823,0.4046960771083832,0.05260240659117699,0.014026706523982397,4.5677929975678895,0.0007139160834512692,405.3067714863057,514.673583984375,2
20-11-2020,MID00309,flirt_nomoco.nii.gz,0.9421682357788086,20.87226402877957,0.968960165977478,0.31684044003486633,0.06727877259254456,0.013511073370321921,4.163735295854814,0.0007143989966258022,405.71791043807224,515.6516723632812,1
20-11-2020,MID00309,flirt_ref.nii.gz,1.0,0.0,1.0,1.0,0.0,0.015493009406561937,5.7281657362088545,0.0007516872257720232,393.06830179842825,511.2071228027344,4
20-11-2020,MID00309,flirt_tclmoco.nii.gz,0.9789020419120789,26.341382963170954,0.9854511618614197,0.49070265889167786,0.038299839943647385,0.01432896207167157,4.8520366585945665,0.0007195889585267066,402.97540217266226,514.148681640625,3
20-11-2020,MID00309,flirt_tclmocos.nii.gz,0.9794836640357971,26.448652304343746,0.9858304858207703,0.4945560693740845,0.037073563784360886,0.014324278301111491,4.840869792614873,0.0007202657293218076,402.70043591389634,514.0663452148438,3
23-02-2021,MID00296,flirt_fnWMmoco.nii.gz,0.9993948340415955,41.39453910381317,0.9994385838508606,0.893298327922821,0.001406847033649683,0.014566290911853274,4.819656357168619,0.0009210920932664544,380.7076185537671,495.32421875,4
23-02-2021,MID00296,flirt_fnmoco.nii.gz,0.9993900060653687,41.31762014915484,0.9994308948516846,0.8921331167221069,0.0014156671240925789,0.014570169946295205,4.818003591812616,0.0009209656621446215,380.73229506776823,495.3309326171875,4
23-02-2021,MID00296,flirt_nomoco.nii.gz,1.0,0.0,1.0,1.0,0.0,0.014468106158348962,4.764121197748863,0.0009203151013386175,380.8635078682389,495.7191162109375,Not Found
23-02-2021,MID00296,flirt_ref.nii.gz,1.0,0.0,1.0,1.0,0.0,0.014468106158348962,4.764121197748863,0.0009203151013386175,380.8635078682389,495.7191162109375,4
23-02-2021,MID00296,flirt_tclmoco.nii.gz,0.9937209486961365,31.754933454942815,0.9950006008148193,0.663594663143158,0.013802417553961277,0.013906091326928076,4.384444923299678,0.0009023035375370238,385.2174706155634,497.35931396484375,3
23-02-2021,MID00296,flirt_tclmocos.nii.gz,0.9947725534439087,32.66771843019958,0.9958093166351318,0.6886821389198303,0.012023544870316982,0.014107215858975912,4.461389602167021,0.0009074916492657929,383.95173759428036,496.7073059082031,4
23-02-2021,MID00297,flirt_fnWMmoco.nii.gz,0.9686774015426636,25.084056223976482,0.9819189310073853,0.4297347962856293,0.05230095237493515,0.013172045739947198,3.890659772515015,0.0008722372764959964,393.37490029418746,499.67718505859375,2
23-02-2021,MID00297,flirt_fnmoco.nii.gz,0.9689401984214783,25.22972223134335,0.9821029305458069,0.43169620633125305,0.05175841599702835,0.013147544544542462,3.864670518405399,0.0008727135385128713,393.2620613558337,499.4999694824219,2
23-02-2021,MID00297,flirt_nomoco.nii.gz,0.9628922343254089,24.284168400174398,0.9794458150863647,0.3996985852718353,0.05999196320772171,0.012890245906962238,3.5981950510872713,0.0008795857199127723,392.1035936431892,499.5076599121094,2
23-02-2021,MID00297,flirt_ref.nii.gz,1.0,0.0,1.0,1.0,0.0,0.014468106158348962,4.764121197748863,0.0009203151013386175,380.8635078682389,495.7191162109375,5
23-02-2021,MID00297,flirt_tclmoco.nii.gz,0.9717349410057068,25.690490671610895,0.9837545156478882,0.4475814998149872,0.048870909959077835,0.013107128343319967,3.9643043881931415,0.0008691560335088421,393.9827189176885,498.73199462890625,2
23-02-2021,MID00297,flirt_tclmocos.nii.gz,0.9728928804397583,25.92189888562065,0.984333872795105,0.45421111583709717,0.046504005789756775,0.013185404587526641,3.9960860091303725,0.0008693985087839284,393.83238725287936,498.8795166015625,2
23-02-2021,MID00299,flirt_fnWMmoco.nii.gz,0.9628793001174927,24.078411564593377,0.9793453812599182,0.40598058700561523,0.05788027122616768,0.01340170739329588,3.9061154298437546,0.0008679451434665271,394.4557922868914,500.4730224609375,2
23-02-2021,MID00299,flirt_fnmoco.nii.gz,0.9628450870513916,24.070790376384686,0.9793367385864258,0.40573379397392273,0.057814065366983414,0.013404384690004713,3.9024828947040304,0.0008676537915165024,394.53150581693365,500.4671936035156,2
23-02-2021,MID00299,flirt_nomoco.nii.gz,0.9597101211547852,23.651751868476726,0.9781007766723633,0.3878593444824219,0.06014604493975639,0.013247718687601306,3.8319663473069867,0.0008652864994000729,395.19203333898867,500.3161926269531,2
23-02-2021,MID00299,flirt_ref.nii.gz,1.0,0.0,1.0,1.0,0.0,0.014468106158348962,4.764121197748863,0.0009203151013386175,380.8635078682389,495.7191162109375,4
23-02-2021,MID00299,flirt_tclmoco.nii.gz,0.9651005864143372,24.61922755480961,0.9804074168205261,0.415889710187912,0.05552372336387634,0.013257236288328578,3.962039462008951,0.0008609625928319286,396.0917446752255,500.0429992675781,2
23-02-2021,MID00299,flirt_tclmocos.nii.gz,0.9660223722457886,24.776608173769052,0.980904757976532,0.4209693968296051,0.053509421646595,0.013277121593962823,3.9737142860405608,0.0008609262444013758,396.0370853874362,499.9970397949219,2
23-11-2020,MID00384,flirt_fnWMmoco.nii.gz,0.9989319443702698,39.797761719340585,0.999058187007904,0.8544854521751404,0.002289701020345092,0.01381057675523046,4.373727423178951,0.0007938923930557967,394.99393913369204,522.5686645507812,4
23-11-2020,MID00384,flirt_fnmoco.nii.gz,0.9988770484924316,39.140144165020224,0.9989506006240845,0.8487507104873657,0.0024556098505854607,0.013892721434407507,4.448539785215696,0.0007954110972150506,394.61577266449956,522.1671142578125,4
23-11-2020,MID00384,flirt_nomoco.nii.gz,1.0,0.0,1.0,1.0,0.0,0.013800322443959718,4.403862865207032,0.0007927264067556878,395.35405746803633,522.677490234375,Not Found
23-11-2020,MID00384,flirt_ref.nii.gz,1.0,0.0,1.0,1.0,0.0,0.013800322443959718,4.403862865207032,0.0007927264067556878,395.35405746803633,522.677490234375,4
23-11-2020,MID00384,flirt_tclmoco.nii.gz,0.9966492056846619,35.00841281584996,0.9968639016151428,0.7473542094230652,0.007363097742199898,0.013697984646236002,4.293329603441812,0.0007885703338699022,396.5210987440551,522.8772583007812,4
23-11-2020,MID00384,flirt_tclmocos.nii.gz,0.9975558519363403,36.33427109300478,0.9977161288261414,0.7775771021842957,0.005118657369166613,0.013721697568434834,4.312693987858568,0.000791185974420256,395.740710690615,522.7616577148438,4
23-11-2020,MID00385,flirt_fnWMmoco.nii.gz,0.97511225938797,27.14743262096154,0.9854007363319397,0.5017383098602295,0.045005861669778824,0.013034316441570463,3.7918041417344397,0.0007614424410462165,405.0396772748068,526.63720703125,2
23-11-2020,MID00385,flirt_fnmoco.nii.gz,0.9745522141456604,26.99766533480781,0.9851222038269043,0.49730750918388367,0.04564462602138519,0.013041663293344342,3.786710014076904,0.0007611115365669468,405.1847851347365,526.6605834960938,2
23-11-2020,MID00385,flirt_nomoco.nii.gz,0.9710862040519714,26.130865168110976,0.983232855796814,0.470260888338089,0.05010462552309036,0.012975937697580911,3.7551624981825524,0.0007571711828933314,406.3056979681061,526.9524536132812,2
23-11-2020,MID00385,flirt_ref.nii.gz,1.0,0.0,1.0,1.0,0.0,0.013800322443959718,4.403862865207032,0.0007927264067556878,395.35405746803633,522.677490234375,4
23-11-2020,MID00385,flirt_tclmoco.nii.gz,0.9747598171234131,27.181776943053293,0.9855075478553772,0.4966827630996704,0.04697190970182419,0.01301181867627479,3.832057343100662,0.0007553410048789387,406.68101925791495,526.5158081054688,2
23-11-2020,MID00385,flirt_tclmocos.nii.gz,0.97589111328125,27.397346041495933,0.9859071373939514,0.505448579788208,0.043574053794145584,0.01288874255598506,3.8120831001502555,0.0007563734895201852,406.3124154699985,526.489990234375,2
23-11-2020,MID00387,flirt_fnWMmoco.nii.gz,0.9813189506530762,28.17785988546125,0.9878117442131042,0.5278599262237549,0.03443734720349312,0.013037619796403064,3.8279312897711346,0.0007701899334316425,402.00283954852483,524.6972045898438,3
23-11-2020,MID00387,flirt_fnmoco.nii.gz,0.9749812483787537,26.416776346722123,0.9838181734085083,0.47980961203575134,0.044886261224746704,0.012905269922679239,3.698270315088659,0.0007651579145639235,403.4776366453959,525.0106201171875,3
23-11-2020,MID00387,flirt_nomoco.nii.gz,0.9553822875022888,23.455867185811115,0.9748334288597107,0.38333186507225037,0.06128460541367531,0.012676832302619897,3.42916133873921,0.0007828067165557745,399.48775461719595,526.2364501953125,2
23-11-2020,MID00387,flirt_ref.nii.gz,1.0,0.0,1.0,1.0,0.0,0.013800322443959718,4.403862865207032,0.0007927264067556878,395.35405746803633,522.677490234375,4
23-11-2020,MID00387,flirt_tclmoco.nii.gz,0.9819754362106323,28.443846815776467,0.9883133172988892,0.5375494360923767,0.0330740287899971,0.013064048702706724,3.900264778558372,0.0007719526215620959,401.5494520921339,524.70849609375,3
23-11-2020,MID00387,flirt_tclmocos.nii.gz,0.9824564456939697,28.595142075819645,0.9885982275009155,0.5420541167259216,0.03177174925804138,0.013037104772176757,3.889350464267821,0.0007726357760233232,401.27004570483916,524.6882934570312,3
23-11-2020,MID00388,flirt_fnWMmoco.nii.gz,0.9630444645881653,24.515152335941806,0.9789310693740845,0.4067878723144531,0.056910719722509384,0.0125740882644702,3.7017859127758435,0.000741970533770544,410.77828519337163,525.50537109375,2
23-11-2020,MID00388,flirt_fnmoco.nii.gz,0.9437335729598999,22.270854099534134,0.9708862900733948,0.3361412286758423,0.07339876890182495,0.012358339919363427,3.3397877197774974,0.0007584517473919708,406.9149015503433,526.2273559570312,2
23-11-2020,MID00388,flirt_nomoco.nii.gz,0.8903031349182129,19.149284356968295,0.9582294821739197,0.22911831736564636,0.09244552999734879,0.012444210912733638,3.2205213380201156,0.0008063254666206506,395.60016610284794,526.7188720703125,1
23-11-2020,MID00388,flirt_ref.nii.gz,1.0,0.0,1.0,1.0,0.0,0.013800322443959718,4.403862865207032,0.0007927264067556878,395.35405746803633,522.677490234375,4
23-11-2020,MID00388,flirt_tclmoco.nii.gz,0.9544000029563904,23.27979559176833,0.9742637276649475,0.3719155788421631,0.06432371586561203,0.012432437962690905,3.6160061202087683,0.0007393580805936195,412.062297502776,525.589111328125,2
23-11-2020,MID00388,flirt_tclmocos.nii.gz,0.954635500907898,23.286133665998065,0.9742977619171143,0.37330901622772217,0.06344611197710037,0.012455688324943346,3.64091537135045,0.0007404559927416131,411.68446308815186,525.5547485351562,2
25-02-2021,MID00473,flirt_fnWMmoco.nii.gz,0.9992073178291321,40.89808887348635,0.9993979930877686,0.8743495941162109,0.002103043021634221,0.01506705446073634,4.769388880869995,0.0008599708420587353,371.8521454156852,486.51055908203125,4
25-02-2021,MID00473,flirt_fnmoco.nii.gz,0.9993048906326294,41.25975278241345,0.9994739294052124,0.8815520405769348,0.001674555940553546,0.015119070865855216,4.7659215853766375,0.0008592143449774791,371.99784328022736,486.30963134765625,4
25-02-2021,MID00473,flirt_nomoco.nii.gz,1.0,0.0,1.0,1.0,0.0,0.01515213014820199,4.814387839177515,0.000856912163468496,372.4529578377627,486.1974182128906,Not Found
25-02-2021,MID00473,flirt_ref.nii.gz,1.0,0.0,1.0,1.0,0.0,0.01515213014820199,4.814387839177515,0.000856912163468496,372.4529578377627,486.1974182128906,4
25-02-2021,MID00473,flirt_tclmoco.nii.gz,0.9945758581161499,32.593395821067475,0.9959269762039185,0.6798979043960571,0.013288968242704868,0.014713002302443367,4.474415726377132,0.0008506833398421484,374.2191225048708,487.30157470703125,3
25-02-2021,MID00473,flirt_tclmocos.nii.gz,0.9944963455200195,32.259684243851225,0.9955896735191345,0.6746106743812561,0.011760820634663105,0.01462987093965525,4.512834314257886,0.0008460627627621994,375.20811084991345,487.43353271484375,4
25-02-2021,MID00475,flirt_fnWMmoco.nii.gz,0.9630524516105652,23.845624999452358,0.9800258874893188,0.39431828260421753,0.05473493039608002,0.013324819580388583,3.942501252237701,0.0007985197035633318,387.9355884331219,490.33319091796875,2
25-02-2021,MID00475,flirt_fnmoco.nii.gz,0.9629380702972412,23.883744055727803,0.9800488352775574,0.3947937786579132,0.054661620408296585,0.0132721751156486,3.8782084054279298,0.0008007262567743185,387.4168723809984,490.115478515625,2
25-02-2021,MID00475,flirt_nomoco.nii.gz,0.9471727013587952,22.01189823681716,0.9745040535926819,0.33306214213371277,0.0669136643409729,0.012839862019577581,3.3758950535177066,0.0008253064964169545,382.0754154072845,489.2388916015625,2
25-02-2021,MID00475,flirt_ref.nii.gz,1.0,0.0,1.0,1.0,0.0,0.01515213014820199,4.814387839177515,0.000856912163468496,372.4529578377627,486.1974182128906,4
25-02-2021,MID00475,flirt_tclmoco.nii.gz,0.9465279579162598,21.83631381229753,0.9733843803405762,0.3342742919921875,0.07012292742729187,0.012776974123787976,3.6621347681968635,0.0007956748902637383,388.7292361514599,491.22772216796875,1
25-02-2021,MID00475,flirt_tclmocos.nii.gz,0.9487429857254028,22.015253948801647,0.9742779731750488,0.34134942293167114,0.06805405020713806,0.012793701974074815,3.6243359619769957,0.0008033450352824019,386.79396782490556,490.96551513671875,2
25-02-2021,MID00476,flirt_fnWMmoco.nii.gz,0.9564165472984314,23.023910219010705,0.9781137704849243,0.3836081326007843,0.06533576548099518,0.013111905226341255,3.744530745268183,0.0007977535133611715,388.44738052605857,492.71240234375,3
25-02-2021,MID00476,flirt_fnmoco.nii.gz,0.9559686779975891,23.01172989735443,0.9777712225914001,0.38127976655960083,0.0656203106045723,0.013054577985195801,3.684838590603679,0.0007961451999015953,388.77167854093403,492.681396484375,3
25-02-2021,MID00476,flirt_nomoco.nii.gz,0.9523608684539795,22.6227292329324,0.9759464263916016,0.36210712790489197,0.0671662986278534,0.012798991355203942,3.429393298877509,0.0008119079077385401,385.17049217489784,493.0765380859375,2
25-02-2021,MID00476,flirt_ref.nii.gz,1.0,0.0,1.0,1.0,0.0,0.01515213014820199,4.814387839177515,0.000856912163468496,372.4529578377627,486.1974182128906,4
25-02-2021,MID00476,flirt_tclmoco.nii.gz,0.9378762245178223,21.33214272124174,0.9711292386054993,0.31223443150520325,0.07869463413953781,0.012856589856797631,3.433294863536312,0.000807839685371705,387.12020655388386,492.8975830078125,2
25-02-2021,MID00476,flirt_tclmocos.nii.gz,0.9387562870979309,21.46490564644067,0.9714704155921936,0.31819626688957214,0.07745618373155594,0.012798372519221933,3.467092698472451,0.0008000831607446721,388.7292463065601,492.7529296875,2
25-02-2021,MID00478,flirt_fnWMmoco.nii.gz,0.9808624982833862,27.732227795788848,0.9886764287948608,0.5198523998260498,0.0340079739689827,0.013912457202325923,4.077003643374212,0.0008321108012115194,378.9605330057217,488.21746826171875,3
25-02-2021,MID00478,flirt_fnmoco.nii.gz,0.9801884889602661,27.573841058172906,0.988312304019928,0.5161172151565552,0.03460925444960594,0.013873044801427703,4.042847173850767,0.0008326723360568556,378.9460065422324,488.1697998046875,3
25-02-2021,MID00478,flirt_nomoco.nii.gz,0.9750019907951355,26.2216376061426,0.985292375087738,0.47508713603019714,0.0432635173201561,0.013558906013592237,3.8144712247333494,0.0008295609839248409,380.0460863211513,488.32257080078125,3
25-02-2021,MID00478,flirt_ref.nii.gz,1.0,0.0,1.0,1.0,0.0,0.01515213014820199,4.814387839177515,0.000856912163468496,372.4529578377627,486.1974182128906,4
25-02-2021,MID00478,flirt_tclmoco.nii.gz,0.97864830493927,27.01098171556102,0.9873670935630798,0.49964162707328796,0.039505667984485626,0.013870958851729374,4.101689152631178,0.0008276552372986281,380.1951244331819,488.615966796875,3
25-02-2021,MID00478,flirt_tclmocos.nii.gz,0.9798434972763062,27.348307335856752,0.9880504012107849,0.5103864073753357,0.03663863241672516,0.013939772602188665,4.0671230969839005,0.0008334542295870257,378.71140363042576,488.46331787109375,3
25-11-2020,MID00017,flirt_fnWMmoco.nii.gz,0.9995384812355042,44.227526342023076,0.9996127486228943,0.9228105545043945,0.001108252676203847,0.014192956800074295,4.6530658763293395,0.000613421827715585,411.54044187147196,551.004150390625,4
25-11-2020,MID00017,flirt_fnmoco.nii.gz,0.9995086789131165,43.80161329883957,0.9995481371879578,0.9173012971878052,0.0008964246371760964,0.014255619456687353,4.719046751808716,0.000613062330870886,411.64832139111746,550.8512573242188,5
25-11-2020,MID00017,flirt_nomoco.nii.gz,1.0,0.0,1.0,1.0,0.0,0.014238107052718843,4.714103348335688,0.0006127678515845767,411.7231515839354,550.8958740234375,Not Found
25-11-2020,MID00017,flirt_ref.nii.gz,1.0,0.0,1.0,1.0,0.0,0.014238107052718843,4.714103348335688,0.0006127678515845767,411.7231515839354,550.8958740234375,5
25-11-2020,MID00017,flirt_tclmoco.nii.gz,0.9971950650215149,35.95760917613831,0.9970428943634033,0.7720460295677185,0.007048224564641714,0.013959657223039858,4.573295004610128,0.0006117416588775215,412.37407196831816,551.6843872070312,4
25-11-2020,MID00017,flirt_tclmocos.nii.gz,0.9974947571754456,36.349912423251304,0.9973207116127014,0.7833055853843689,0.006086328532546759,0.01400013514217598,4.594996684691061,0.0006116129044180818,412.3816437172102,551.6542358398438,4
25-11-2020,MID00018,flirt_fnWMmoco.nii.gz,0.9812222719192505,29.063524412778204,0.9874480366706848,0.5546960234642029,0.038051679730415344,0.013515009801146179,4.099759656839804,0.000601572272275898,416.7021722364467,554.7462768554688,3
25-11-2020,MID00018,flirt_fnmoco.nii.gz,0.9809436798095703,28.874816920090836,0.9872327446937561,0.5506983995437622,0.03848583251237869,0.013526581892605354,4.11644381120348,0.0006008125349184461,416.94305742370994,554.7420654296875,3
25-11-2020,MID00018,flirt_nomoco.nii.gz,0.9779399037361145,27.768045914069784,0.98518967628479,0.5206319093704224,0.045400749891996384,0.01342372237935359,4.055819959120681,0.0005980078540784228,418.1804941400698,555.1912841796875,3
25-11-2020,MID00018,flirt_ref.nii.gz,1.0,0.0,1.0,1.0,0.0,0.014238107052718843,4.714103348335688,0.0006127678515845767,411.7231515839354,550.8958740234375,4
25-11-2020,MID00018,flirt_tclmoco.nii.gz,0.9819562435150146,29.063240971984232,0.987750768661499,0.558586597442627,0.035790447145700455,0.013410132275418492,4.086945947656126,0.0006021522444260486,416.544652215486,554.8932495117188,3
25-11-2020,MID00018,flirt_tclmocos.nii.gz,0.9817560315132141,28.917867297390057,0.987587034702301,0.5571829080581665,0.03686581924557686,0.013379387686546425,4.042065897387644,0.0006014113878016772,416.7745507679717,555.0816040039062,3
25-11-2020,MID00020,flirt_fnWMmoco.nii.gz,0.9843326210975647,29.96820896188704,0.9890270233154297,0.5789353847503662,0.032220013439655304,0.013466524471636074,4.157606867038812,0.000609207933059204,413.67365721114305,553.5678100585938,3
25-11-2020,MID00020,flirt_fnmoco.nii.gz,0.9838337898254395,29.76399388832489,0.9886927008628845,0.5721498131752014,0.03319018706679344,0.013462828542589182,4.16009432735281,0.0006087349231305798,413.8824973992731,553.582275390625,3
25-11-2020,MID00020,flirt_nomoco.nii.gz,0.9825474619865417,29.157369485838352,0.9879128336906433,0.556613028049469,0.03682113066315651,0.013489212275278148,4.1802990303552345,0.0006080207136582634,414.3021366888208,553.6541748046875,3
25-11-2020,MID00020,flirt_ref.nii.gz,1.0,0.0,1.0,1.0,0.0,0.014238107052718843,4.714103348335688,0.0006127678515845767,411.7231515839354,550.8958740234375,4
25-11-2020,MID00020,flirt_tclmoco.nii.gz,0.9845966100692749,29.89483397410806,0.9889926314353943,0.5788022875785828,0.030391652137041092,0.013482312479264857,4.180986903404683,0.0006062846061688081,414.5611120840251,553.5503540039062,3
25-11-2020,MID00020,flirt_tclmocos.nii.gz,0.9847769141197205,30.018246907327473,0.9892181754112244,0.5819763541221619,0.03033563122153282,0.013527701478527903,4.2070321069962455,0.0006098186017455596,413.3519719468777,553.4594116210938,4
26-10-2020,MID00398,flirt_fnWMmoco.nii.gz,0.9995625019073486,42.40342088996634,0.9995662569999695,0.9063833951950073,0.0009796532103791833,0.016024055482906474,6.14048482920151,0.0007614000405448895,393.84131650948694,512.6222534179688,5
26-10-2020,MID00398,flirt_fnmoco.nii.gz,0.9994909167289734,41.697960507289835,0.9994903802871704,0.8952088952064514,0.0011016173521056771,0.016033333480409778,6.145232352425836,0.0007615326613817416,393.80825136975227,512.6239624023438,5
26-10-2020,MID00398,flirt_nomoco.nii.gz,1.0,0.0,1.0,1.0,0.0,0.015889372347654963,5.997021330717137,0.0007609865807539797,393.9697642896163,512.9388427734375,Not Found
26-10-2020,MID00398,flirt_ref.nii.gz,1.0,0.0,1.0,1.0,0.0,0.015889372347654963,5.997021330717137,0.0007609865807539797,393.9697642896163,512.9388427734375,5
26-10-2020,MID00398,flirt_tclmoco.nii.gz,0.9982743859291077,36.73296244205719,0.9980043768882751,0.7996659874916077,0.004021239932626486,0.015805861494050236,5.9678674837643255,0.0007554123462093127,395.64401140904704,513.3026123046875,4
26-10-2020,MID00398,flirt_tclmocos.nii.gz,0.9988020062446594,37.8592445612463,0.9985873103141785,0.8273357152938843,0.002711022738367319,0.015772170021558497,5.94341891031071,0.0007577171453291404,394.92319899380885,513.4058837890625,5
26-10-2020,MID00402,flirt_fnWMmoco.nii.gz,0.9649924039840698,23.136434101220573,0.9786453247070312,0.3972679078578949,0.04294376075267792,0.014702620712394086,5.033213795550927,0.0007297694030575519,403.73937663167527,515.4744262695312,2
26-10-2020,MID00402,flirt_fnmoco.nii.gz,0.9624910354614258,22.758123395452735,0.9775624871253967,0.386421263217926,0.04604095220565796,0.014674167160033207,4.985393704915449,0.0007286005234222859,404.12535418562913,515.5681762695312,2
26-10-2020,MID00402,flirt_nomoco.nii.gz,0.9367996454238892,20.106481612304407,0.9681122303009033,0.29941391944885254,0.06119339540600777,0.014190809392267056,4.710798282445011,0.0007218980793943522,406.627186868097,515.717529296875,2
26-10-2020,MID00402,flirt_ref.nii.gz,1.0,0.0,1.0,1.0,0.0,0.015889372347654963,5.997021330717137,0.0007609865807539797,393.9697642896163,512.9388427734375,4
26-10-2020,MID00402,flirt_tclmoco.nii.gz,0.9718708395957947,24.184623879429193,0.9820062518119812,0.4354323744773865,0.03466816246509552,0.014907070104916357,5.192278744396994,0.0007365623552192021,401.67436033338976,515.5733642578125,3
26-10-2020,MID00402,flirt_tclmocos.nii.gz,0.9723784923553467,24.238197267548916,0.982279360294342,0.43781667947769165,0.03360390663146973,0.014923153947675145,5.205970375471754,0.0007390859622715206,400.9104348867408,515.5081176757812,3
26-10-2020,MID00403,flirt_fnWMmoco.nii.gz,0.9523298740386963,21.630840314568804,0.9731194972991943,0.34496432542800903,0.055948082357645035,0.014340077186948593,4.8362778052945234,0.0007143994021990441,409.01126339468016,516.5775146484375,2
26-10-2020,MID00403,flirt_fnmoco.nii.gz,0.9418771862983704,20.6257449190714,0.9691140651702881,0.31252551078796387,0.0654040277004242,0.014104321440084168,4.637214780894446,0.0007140698910571711,409.4981433299003,516.7899780273438,2
26-10-2020,MID00403,flirt_nomoco.nii.gz,0.8943488597869873,17.441875893821656,0.9574486613273621,0.21567174792289734,0.08118855208158493,0.013702874409661886,4.430669547346865,0.0007166226003165117,409.407087447021,516.258544921875,1
26-10-2020,MID00403,flirt_ref.nii.gz,1.0,0.0,1.0,1.0,0.0,0.015889372347654963,5.997021330717137,0.0007609865807539797,393.9697642896163,512.9388427734375,4
26-10-2020,MID00403,flirt_tclmoco.nii.gz,0.9597989916801453,22.460992395956595,0.9762019515037537,0.37445515394210815,0.05138377100229263,0.014536164549520903,5.014598940940468,0.0007143051481590688,408.84535560951366,516.3655395507812,2
26-10-2020,MID00403,flirt_tclmocos.nii.gz,0.9622949957847595,22.72498583935847,0.9772017598152161,0.3858952522277832,0.047708336263895035,0.01465985577858268,5.106689378628574,0.0007173254709785625,407.7496946875992,516.1083374023438,3
26-11-2020,MID00032,flirt_fnWMmoco.nii.gz,0.997871994972229,38.190041220408524,0.9987236261367798,0.8177627921104431,0.004405314102768898,0.013517450437614858,3.9703045009518747,0.000798793788194121,370.1816230626228,512.8851928710938,5
26-11-2020,MID00032,flirt_fnmoco.nii.gz,0.9978001713752747,37.973964056163204,0.9987062811851501,0.8110435009002686,0.004221006762236357,0.013539096661035714,3.983907026960516,0.0008009128667054904,369.71777040310354,512.4960327148438,5
26-11-2020,MID00032,flirt_nomoco.nii.gz,1.0,0.0,1.0,1.0,0.0,0.013535278236648506,4.010369905345675,0.0007950251446817984,370.8613628018225,512.463134765625,Not Found
26-11-2020,MID00032,flirt_ref.nii.gz,1.0,0.0,1.0,1.0,0.0,0.013535278236648506,4.010369905345675,0.0007950251446817984,370.8613628018225,512.463134765625,4
26-11-2020,MID00032,flirt_tclmoco.nii.gz,0.9768059849739075,25.713034536055655,0.9845224022865295,0.5035140514373779,0.043781038373708725,0.012673445892947477,3.2831310920543864,0.0007740226021607943,376.82524626826284,517.8982543945312,3
26-11-2020,MID00032,flirt_tclmocos.nii.gz,0.9784176349639893,25.858012087493513,0.9851974248886108,0.5161257386207581,0.04119150713086128,0.012663892207137739,3.290620675825775,0.0007780334585037644,375.82686982760873,517.8457641601562,3
26-11-2020,MID00033,flirt_fnWMmoco.nii.gz,0.9803191423416138,27.813955013124854,0.9880117774009705,0.5306659936904907,0.035019051283597946,0.013002050413966655,3.586526280114104,0.0007813152872679036,375.11133831035016,516.7151489257812,3
26-11-2020,MID00033,flirt_fnmoco.nii.gz,0.9799087047576904,27.758737946365333,0.9877647161483765,0.5276340246200562,0.035846926271915436,0.012984992803190414,3.574749036822064,0.0007806341656613403,375.3119546452113,516.6781005859375,3
26-11-2020,MID00033,flirt_nomoco.nii.gz,0.9732559323310852,26.506698088660006,0.9840460419654846,0.47508135437965393,0.046425711363554,0.012989503877481804,3.4770244682980866,0.0007858051502570217,374.6867569940522,517.2686767578125,3
26-11-2020,MID00033,flirt_ref.nii.gz,1.0,0.0,1.0,1.0,0.0,0.013535278236648506,4.010369905345675,0.0007950251446817984,370.8613628018225,512.463134765625,4
26-11-2020,MID00033,flirt_tclmoco.nii.gz,0.9711673855781555,25.56770588002707,0.982850193977356,0.4595496952533722,0.05066889896988869,0.012733752468602935,3.4241092094710632,0.0007712248206586792,378.17978879419275,517.9437255859375,3
26-11-2020,MID00033,flirt_tclmocos.nii.gz,0.9717971682548523,25.78121883345258,0.983148455619812,0.4628395736217499,0.049565933644771576,0.012753060433448463,3.4301891671977547,0.0007762189886292755,376.92166506495875,517.742431640625,3
26-11-2020,MID00035,flirt_fnWMmoco.nii.gz,0.982315182685852,28.122829789031137,0.9890725612640381,0.548356294631958,0.034398481249809265,0.012900250835499904,3.483666568616863,0.0007838566875868928,374.32066457911344,516.6157836914062,3
26-11-2020,MID00035,flirt_fnmoco.nii.gz,0.9812058210372925,27.89190230238085,0.9882842302322388,0.5364798903465271,0.03641892597079277,0.012904883495637348,3.468454565224433,0.0007848454893435083,374.262417240092,516.6593017578125,3
26-11-2020,MID00035,flirt_nomoco.nii.gz,0.9656793475151062,25.19071851560525,0.9806262254714966,0.4296315610408783,0.0521317720413208,0.01260279057783806,3.286526221834768,0.0007822869847309327,376.0167205221307,517.9638061523438,2
26-11-2020,MID00035,flirt_ref.nii.gz,1.0,0.0,1.0,1.0,0.0,0.013535278236648506,4.010369905345675,0.0007950251446817984,370.8613628018225,512.463134765625,4
26-11-2020,MID00035,flirt_tclmoco.nii.gz,0.9809286594390869,27.525129876895388,0.9881820678710938,0.5329990983009338,0.03728034347295761,0.012746507157169577,3.434173668891429,0.0007766519554454966,376.06457406947993,517.1339721679688,3
26-11-2020,MID00035,flirt_tclmocos.nii.gz,0.981277585029602,27.61731533472923,0.9883785843849182,0.535503625869751,0.036257304251194,0.012805931439136548,3.4408597050089242,0.0007790055872596836,375.3694581473606,517.1002807617188,3
26-11-2020,MID00036,flirt_fnWMmoco.nii.gz,0.9710403084754944,25.834465711633737,0.9836528897285461,0.4599100947380066,0.05021778866648674,0.012607195293177944,3.3023540385238723,0.0007744502695823694,378.0542825890015,517.8472290039062,2
26-11-2020,MID00036,flirt_fnmoco.nii.gz,0.967132568359375,25.283592732342942,0.9817309975624084,0.4367928206920624,0.054469481110572815,0.012591536435190454,3.2510226763482413,0.0007779201081498557,377.54834832572897,518.0242309570312,2
26-11-2020,MID00036,flirt_nomoco.nii.gz,0.9154763221740723,21.305110203669614,0.965425431728363,0.2816283106803894,0.08032523840665817,0.012694792335075077,2.907469333655334,0.0008064530466721668,372.274018705008,520.1573486328125,1
26-11-2020,MID00036,flirt_ref.nii.gz,1.0,0.0,1.0,1.0,0.0,0.013535278236648506,4.010369905345675,0.0007950251446817984,370.8613628018225,512.463134765625,4
26-11-2020,MID00036,flirt_tclmoco.nii.gz,0.9602147340774536,23.84972964661022,0.9781712889671326,0.39767560362815857,0.0631796345114708,0.012412664634695559,3.1115731771763038,0.0007595674492512599,381.98157297083196,519.3358764648438,2
26-11-2020,MID00036,flirt_tclmocos.nii.gz,0.9631390571594238,24.121353555456114,0.9793344140052795,0.4118715524673462,0.05902881175279617,0.012489194264551591,3.110515068185871,0.0007639843824574821,380.5872263288216,518.9502563476562,2
