Sbj,Acq,File,SSIM,PSNR,FSIM,VIF,LPIPS,AES,TG,NGS,GE,IE,Score
02-12-2020,MID00234,flirt_fnWMmoco.nii.gz,0.9800058603286743,43.174720764160156,0.49735552072525024,2.630936701136788e-12,0.27920839190483093,0.009033246692550016,0.00016375242112048316,1.833844159096586e-08,1191.842565758247,1419.5655517578125,4
02-12-2020,MID00234,flirt_fnmoco.nii.gz,0.9804785251617432,43.48091506958008,0.497355580329895,2.630936701136788e-12,0.27950239181518555,0.009059209545000802,0.0001635927892160104,1.829812096681594e-08,1191.2761798767174,1419.565673828125,4
02-12-2020,MID00234,flirt_nomoco.nii.gz,1.0,inf,1.0,0.9999998807907104,0.0,0.008981797293213405,0.00012809381231667158,1.4244143876980483e-08,1233.1653296034362,1419.565673828125,Not Found
02-12-2020,MID00234,flirt_ref.nii.gz,1.0,inf,1.0,0.9999998807907104,0.0,0.008981797293213405,0.00012809381231667158,1.4244143876980483e-08,1233.1653296034362,1419.565673828125,4
02-12-2020,MID00234,flirt_tclmoco.nii.gz,0.9780322313308716,36.63338088989258,0.6539368629455566,0.17985296249389648,0.2071990668773651,0.008728908936224978,0.0005295010345540679,5.971217284442602e-08,1178.0685997103835,1219.3734130859375,4
02-12-2020,MID00234,flirt_tclmocos.nii.gz,0.97954261302948,36.92967987060547,0.5705006122589111,0.169009730219841,0.21168412268161774,0.008724435937578268,0.0006558506530484403,7.413310814151444e-08,1176.4091875747363,1220.34619140625,4
02-12-2020,MID00235,flirt_fnWMmoco.nii.gz,0.8076310157775879,30.358217239379883,0.5419557094573975,0.008060949854552746,0.2502305209636688,0.008384488518376993,0.0010826843653793008,1.2566343675993964e-07,1160.6747078882263,1219.4122314453125,3
02-12-2020,MID00235,flirt_fnmoco.nii.gz,0.8105147480964661,30.414127349853516,0.538309633731842,0.004585379268974066,0.24828387796878815,0.008438626415363163,0.0009754664784706905,1.1285431826822627e-07,1164.7213094609576,1218.7176513671875,3
02-12-2020,MID00235,flirt_nomoco.nii.gz,0.8190222978591919,30.018091201782227,0.6686809659004211,0.011998364701867104,0.20693030953407288,0.008132054378479695,0.0007288437936457158,8.804574777940409e-08,1180.207085757322,1206.15087890625,3
02-12-2020,MID00235,flirt_ref.nii.gz,1.0,inf,1.0,0.9999998807907104,0.0,0.008981797293213405,0.00012809381231667158,1.4244143876980483e-08,1233.1653296034362,1419.565673828125,4
02-12-2020,MID00235,flirt_tclmoco.nii.gz,0.7552071213722229,29.744430541992188,0.687067985534668,0.00929539930075407,0.26325562596321106,0.008128414421501085,0.0008772486517814759,9.831435211791826e-08,1161.9175179770184,1226.8465576171875,3
02-12-2020,MID00235,flirt_tclmocos.nii.gz,0.7561613321304321,29.72235107421875,0.5765888690948486,0.004548822063952684,0.2575634717941284,0.008050281802974336,0.0009519027001195585,1.0639223678419028e-07,1158.19817860567,1216.5557861328125,3
02-12-2020,MID00237,flirt_fnWMmoco.nii.gz,0.5334141850471497,25.561731338500977,0.5535767078399658,0.009091723710298538,0.3477723300457001,0.008200635856885389,0.005083704425358896,5.472960040952648e-07,1063.482445691913,1179.0703125,2
02-12-2020,MID00237,flirt_fnmoco.nii.gz,0.5371355414390564,25.776111602783203,0.5543090105056763,0.009541203267872334,0.35595130920410156,0.008298625623206103,0.00545457522725184,5.923522104004833e-07,1059.6112494464085,1179.42529296875,2
02-12-2020,MID00237,flirt_nomoco.nii.gz,0.5475752353668213,26.37570571899414,0.5449084043502808,0.006176390685141087,0.3241490423679352,0.00843378498146439,0.0042110921564942816,4.802378656192443e-07,1062.8065743124148,1176.3243408203125,2
02-12-2020,MID00237,flirt_ref.nii.gz,1.0,inf,1.0,0.9999998807907104,0.0,0.008981797293213405,0.00012809381231667158,1.4244143876980483e-08,1233.1653296034362,1419.565673828125,5
02-12-2020,MID00237,flirt_tclmoco.nii.gz,0.5014722943305969,24.016416549682617,0.8304280042648315,0.03844583034515381,0.3729376792907715,0.007689685139533982,0.004456737227548934,4.5145924806152383e-07,1065.9835405297808,1179.222412109375,2
02-12-2020,MID00237,flirt_tclmocos.nii.gz,0.5002759099006653,24.01169204711914,0.8299770355224609,0.03847610205411911,0.3738587498664856,0.007739742153819761,0.0046195061144012756,4.6737739224171155e-07,1064.8204199082238,1183.48193359375,2
11-11-2020,MID00367,flirt_fnWMmoco.nii.gz,0.9843182563781738,40.10130310058594,0.9718815088272095,0.5999923944473267,0.11360294371843338,0.008809950334334928,0.0026268587153790318,2.5138040254699174e-07,1105.3841040776554,1190.62646484375,4
11-11-2020,MID00367,flirt_fnmoco.nii.gz,0.9778921604156494,37.46220016479492,0.9705666899681091,0.5510770678520203,0.12104417383670807,0.008750236177495369,0.002635172668771774,2.542282166933983e-07,1093.0918534039342,1190.7484130859375,4
11-11-2020,MID00367,flirt_nomoco.nii.gz,1.0,inf,1.0,0.9999998807907104,0.0,0.008792171652648562,0.002857906077849391,2.7028758266477653e-07,1081.5530293186557,1180.553955078125,Not Found
11-11-2020,MID00367,flirt_ref.nii.gz,1.0,inf,1.0,0.9999998807907104,0.0,0.008792171652648562,0.002857906077849391,2.7028758266477653e-07,1081.5530293186557,1180.553955078125,4
11-11-2020,MID00367,flirt_tclmoco.nii.gz,0.8793849349021912,28.67742919921875,0.7427664995193481,0.02671806700527668,0.2676190137863159,0.008234430791667875,0.0018206404972519205,1.7604967904598176e-07,1119.0948251992907,1170.55810546875,3
11-11-2020,MID00367,flirt_tclmocos.nii.gz,0.8973430395126343,28.79059600830078,0.6834887266159058,0.0026111765764653683,0.2871965169906616,0.008276366579110038,0.0004443666432878291,4.38168344447426e-08,1059.4779795353459,1160.98291015625,3
11-11-2020,MID00370,flirt_fnWMmoco.nii.gz,0.644646167755127,20.371618270874023,0.8226309418678284,0.005471286363899708,0.3628312051296234,0.007721712210687951,0.0013682283858541268,1.3008119798811207e-07,835.2629101601433,1053.0093994140625,2
11-11-2020,MID00370,flirt_fnmoco.nii.gz,0.6461355686187744,20.586063385009766,0.8141659498214722,0.005476673133671284,0.3618595600128174,0.007582622438522739,0.001358207997532967,1.3324823399563217e-07,858.9845364641807,1072.0379638671875,2
11-11-2020,MID00370,flirt_nomoco.nii.gz,0.594224214553833,19.945117950439453,0.7901070713996887,0.004043995402753353,0.3630271553993225,0.007612281863310724,0.001472584206385991,1.525242371128717e-07,1009.5496328559357,1200.74169921875,1
11-11-2020,MID00370,flirt_ref.nii.gz,1.0,inf,1.0,0.9999998807907104,0.0,0.008792171652648562,0.002857906077849391,2.7028758266477653e-07,1081.5530293186557,1180.553955078125,5
11-11-2020,MID00370,flirt_tclmoco.nii.gz,0.572312593460083,19.035049438476562,0.7860105633735657,0.004661866929382086,0.4055340886116028,0.0070106629979350965,0.0013707590796108208,1.2759184504707795e-07,790.1235916059145,1076.7069091796875,2
11-11-2020,MID00370,flirt_tclmocos.nii.gz,0.5827937126159668,19.087278366088867,0.7880268096923828,0.004620146006345749,0.4027453064918518,0.006930400112709382,0.0013417186994027878,1.2466673646255454e-07,791.2710133939913,1077.09814453125,2
11-11-2020,MID00371,flirt_fnWMmoco.nii.gz,0.5807621479034424,19.630460739135742,0.8012970685958862,0.004771305713802576,0.39736324548721313,0.007397540543412499,0.0018021678715771147,1.659305781687163e-07,859.961295328781,1088.5433349609375,2
11-11-2020,MID00371,flirt_fnmoco.nii.gz,0.6039457321166992,20.020347595214844,0.8064871430397034,0.004809560254216194,0.3917819857597351,0.007353479151932525,0.001906202311066228,1.8062075284371497e-07,877.3711054339221,1090.102783203125,2
11-11-2020,MID00371,flirt_nomoco.nii.gz,0.5537489652633667,19.565011978149414,0.7708337903022766,0.004745929967612028,0.3923506736755371,0.0074996371271363075,0.0021303643255048787,2.1802885177345915e-07,1037.4258684585716,1197.713134765625,1
11-11-2020,MID00371,flirt_ref.nii.gz,1.0,inf,1.0,0.9999998807907104,0.0,0.008792171652648562,0.002857906077849391,2.7028758266477653e-07,1081.5530293186557,1180.553955078125,4
11-11-2020,MID00371,flirt_tclmoco.nii.gz,0.5117887258529663,18.42453384399414,0.7662525773048401,0.004851510748267174,0.4349954426288605,0.006574215347787237,0.0019365731879903941,1.7361041085640117e-07,856.0779162352953,1080.5306396484375,2
11-11-2020,MID00371,flirt_tclmocos.nii.gz,0.5241149663925171,18.509326934814453,0.7711352705955505,0.004336079582571983,0.42556482553482056,0.006550788540833833,0.0019440280574208372,1.7438243908527563e-07,843.4791248609428,1073.521484375,2
18-11-2020,MID00291,flirt_fnWMmoco.nii.gz,0.9814158082008362,40.80016326904297,0.49590209126472473,1.6372990203211701e-12,0.2717524766921997,0.00812309207469791,0.00024380878797404144,2.3665125403810193e-08,1182.1135071279257,1419.5655517578125,4
18-11-2020,MID00291,flirt_fnmoco.nii.gz,0.9864832162857056,41.37055206298828,0.4959220290184021,1.6372990203211701e-12,0.27163299918174744,0.008228603501408124,0.00024556580720222883,2.387512414705612e-08,1184.77726299595,1419.5655517578125,4
18-11-2020,MID00291,flirt_nomoco.nii.gz,1.0,inf,1.0,0.9999998807907104,0.0,0.008246032726858922,0.0017275301101243802,1.6647148045945013e-07,1158.5844745377635,1229.1820068359375,Not Found
18-11-2020,MID00291,flirt_ref.nii.gz,1.0,inf,1.0,0.9999998807907104,0.0,0.008246032726858922,0.0017275301101243802,1.6647148045945013e-07,1158.5844745377635,1229.1820068359375,4
18-11-2020,MID00291,flirt_tclmoco.nii.gz,0.8957340121269226,28.84832191467285,0.7037453055381775,0.0022635366767644882,0.2511627674102783,0.007977076828306692,0.00026190235755739184,2.5815958996726093e-08,1185.4673469682896,1265.310791015625,3
18-11-2020,MID00291,flirt_tclmocos.nii.gz,0.9307129383087158,29.18046760559082,0.8694789409637451,0.035704802721738815,0.25494185090065,0.008302875287323128,0.001094418416336044,1.0566692781668843e-07,1160.8391751499219,1204.1219482421875,3
18-11-2020,MID00294,flirt_fnWMmoco.nii.gz,0.6431875228881836,21.645517349243164,0.7695836424827576,0.005457622930407524,0.3642135560512543,0.007972710862896632,0.001239867631051696,1.1687885797198244e-07,1116.0732191649595,1240.3603515625,3
18-11-2020,MID00294,flirt_fnmoco.nii.gz,0.6613830327987671,23.634410858154297,0.7659719586372375,0.0060941302217543125,0.3364626467227936,0.008130034845302033,0.0012277739889795102,1.2035602871223953e-07,1126.8597069445482,1237.408935546875,2
18-11-2020,MID00294,flirt_nomoco.nii.gz,0.6121207475662231,22.974987030029297,0.743064820766449,0.0037303862627595663,0.3356969654560089,0.008011736555624894,0.001160826615741624,1.1832688693621922e-07,1150.6518580069908,1243.6536865234375,1
18-11-2020,MID00294,flirt_ref.nii.gz,1.0,inf,1.0,0.9999998807907104,0.0,0.008246032726858922,0.0017275301101243802,1.6647148045945013e-07,1158.5844745377635,1229.1820068359375,4
18-11-2020,MID00294,flirt_tclmoco.nii.gz,0.5156233906745911,20.04677963256836,0.790817379951477,0.006971611641347408,0.4335115849971771,0.007393993292416318,0.0015895570876368315,1.4111775107136798e-07,1123.315314554759,1235.6226806640625,2
18-11-2020,MID00294,flirt_tclmocos.nii.gz,0.5272680521011353,20.244915008544922,0.8012598156929016,0.006648730020970106,0.43044665455818176,0.007595753635529293,0.0013574818017699167,1.2180562158540022e-07,1118.922161387813,1220.795166015625,2
18-11-2020,MID00295,flirt_fnWMmoco.nii.gz,0.5824023485183716,21.680946350097656,0.7858315706253052,0.010589242912828922,0.3844808042049408,0.008022354460546463,0.0025099414144648473,2.3171501701315907e-07,1120.1208966520494,1214.212890625,3
18-11-2020,MID00295,flirt_fnmoco.nii.gz,0.6093884110450745,22.878931045532227,0.7773501873016357,0.009542180225253105,0.3618276119232178,0.008031466113170264,0.0028521905346735816,2.7115357920313465e-07,1133.095174373351,1213.591796875,1
18-11-2020,MID00295,flirt_nomoco.nii.gz,0.5870360136032104,21.97652816772461,0.49553805589675903,1.6810523242524744e-12,0.3490300476551056,0.007867785118329581,0.00034244664709346236,3.558468219769979e-08,1139.0355455446932,1419.565673828125,1
18-11-2020,MID00295,flirt_ref.nii.gz,1.0,inf,1.0,0.9999998807907104,0.0,0.008246032726858922,0.0017275301101243802,1.6647148045945013e-07,1158.5844745377635,1229.1820068359375,4
18-11-2020,MID00295,flirt_tclmoco.nii.gz,0.5228935480117798,20.318965911865234,0.8033082485198975,0.0107329236343503,0.42518386244773865,0.007434227633916678,0.002851662797919206,2.516636155996272e-07,1132.5195155600054,1211.50537109375,2
18-11-2020,MID00295,flirt_tclmocos.nii.gz,0.5389866232872009,20.421152114868164,0.8089768290519714,0.009911676868796349,0.420926034450531,0.007576476731139614,0.002499471859235714,2.2283227853740508e-07,1130.8496393913697,1220.0087890625,3
19-02-2021,MID00253,flirt_fnWMmoco.nii.gz,0.993152379989624,42.983604431152344,0.9503803849220276,0.6505332589149475,0.13132616877555847,0.009383797328492023,0.0010306213579095377,1.2547794177151266e-07,1223.3553832314121,1232.38818359375,4
19-02-2021,MID00253,flirt_fnmoco.nii.gz,0.9935829043388367,43.33317184448242,0.9519978761672974,0.6761398315429688,0.1292957365512848,0.009370100977082088,0.0010315059957504032,1.2400676356424914e-07,1232.280591203776,1232.9683837890625,4
19-02-2021,MID00253,flirt_nomoco.nii.gz,1.0,inf,1.0,0.9999998807907104,0.0,0.009292957359004837,0.0010118256653829155,1.2157693129285343e-07,1246.4943470868473,1254.6865234375,Not Found
19-02-2021,MID00253,flirt_ref.nii.gz,1.0,inf,1.0,0.9999998807907104,0.0,0.009292957359004837,0.0010118256653829155,1.2157693129285343e-07,1246.4943470868473,1254.6865234375,4
19-02-2021,MID00253,flirt_tclmoco.nii.gz,0.9813467860221863,37.94639205932617,0.9451992511749268,0.26283958554267883,0.15211057662963867,0.009277919824208922,0.0009322858614469979,1.1644222527042166e-07,1221.2704088027274,1222.793701171875,4
19-02-2021,MID00253,flirt_tclmocos.nii.gz,0.9813894033432007,38.68901443481445,0.8766708970069885,0.1535620540380478,0.23253506422042847,0.009328208903098632,0.0009884756276630274,1.1981382120015264e-07,1222.8237959877135,1213.0908203125,4
19-02-2021,MID00254,flirt_fnWMmoco.nii.gz,0.820690393447876,26.431358337402344,0.8628066182136536,0.005257486365735531,0.2709045708179474,0.008815569603288753,0.0008524593893106142,1.0465070843594875e-07,1203.5758129432722,1236.4266357421875,4
19-02-2021,MID00254,flirt_fnmoco.nii.gz,0.8244296908378601,26.36927604675293,0.8614367246627808,0.005551298148930073,0.2693367898464203,0.008826278541309695,0.000868973403568367,1.0843460704421114e-07,1203.6310216962693,1221.3956298828125,4
19-02-2021,MID00254,flirt_nomoco.nii.gz,0.8039972186088562,25.982160568237305,0.86341392993927,0.0041898866184055805,0.22125034034252167,0.008826482827076342,0.0005269805269579785,6.68021301982889e-08,1215.5566267702725,1225.3353271484375,4
19-02-2021,MID00254,flirt_ref.nii.gz,1.0,inf,1.0,0.9999998807907104,0.0,0.009292957359004837,0.0010118256653829155,1.2157693129285343e-07,1246.4943470868473,1254.6865234375,4
19-02-2021,MID00254,flirt_tclmoco.nii.gz,0.7784032821655273,26.127702713012695,0.8578249216079712,0.004259140230715275,0.26957541704177856,0.00879521884641477,0.000823077144917021,9.845552701146861e-08,1201.9383994820162,1221.5377197265625,4
19-02-2021,MID00254,flirt_tclmocos.nii.gz,0.786718487739563,26.17466163635254,0.862495481967926,0.004050569608807564,0.2641069293022156,0.008723619610113713,0.0007726433348345572,9.268294779406016e-08,1202.92236052605,1210.464111328125,4
19-02-2021,MID00256,flirt_fnWMmoco.nii.gz,0.821497917175293,24.12845230102539,0.8017767667770386,0.0028652173932641745,0.2385159432888031,0.00868462398304358,0.0005180419955042309,6.515917902040147e-08,1212.5548423193932,1212.6390380859375,4
19-02-2021,MID00256,flirt_fnmoco.nii.gz,0.8031982183456421,23.98893165588379,0.8129911422729492,0.002629909897223115,0.24362656474113464,0.008648550914893263,0.0005298876495506476,6.978350814583798e-08,1214.0023085291864,1216.4083251953125,4
19-02-2021,MID00256,flirt_nomoco.nii.gz,0.7194705009460449,23.060998916625977,0.8003228306770325,0.001996105769649148,0.2728816866874695,0.008654700186497105,0.00046837485635993134,6.590960048852521e-08,1215.8597234791032,1230.566650390625,1
19-02-2021,MID00256,flirt_ref.nii.gz,1.0,inf,1.0,0.9999998807907104,0.0,0.009292957359004837,0.0010118256653829155,1.2157693129285343e-07,1246.4943470868473,1254.6865234375,4
19-02-2021,MID00256,flirt_tclmoco.nii.gz,0.8014894723892212,23.35430908203125,0.8559914827346802,0.002818068489432335,0.23752374947071075,0.0083176589994935,0.0005266778082854796,6.460157143798205e-08,1212.4561017721203,1207.1378173828125,3
19-02-2021,MID00256,flirt_tclmocos.nii.gz,0.8054326772689819,23.496274948120117,0.8241941332817078,0.0026185426395386457,0.2372637540102005,0.008353004491342186,0.0005197691128097762,6.428191071726219e-08,1218.3412399872984,1232.9652099609375,4
19-02-2021,MID00257,flirt_fnWMmoco.nii.gz,0.8748823404312134,26.002056121826172,0.8640599250793457,0.00216377223841846,0.2499147653579712,0.008666565551154646,0.00047661257748123954,6.28412223110366e-08,1223.7183713074296,1244.2503662109375,5
19-02-2021,MID00257,flirt_fnmoco.nii.gz,0.8680592775344849,25.98444938659668,0.8657922744750977,0.002054025651887059,0.24819809198379517,0.008738012133183676,0.00048412806534399135,6.420078123776034e-08,1224.0235661012248,1241.032958984375,4
19-02-2021,MID00257,flirt_nomoco.nii.gz,0.7893335819244385,24.630823135375977,0.8398693203926086,0.001919944304972887,0.22495146095752716,0.008687900366869884,0.00045528570708798825,6.089929391871573e-08,1226.6171647060146,1234.973388671875,2
19-02-2021,MID00257,flirt_ref.nii.gz,1.0,inf,1.0,0.9999998807907104,0.0,0.009292957359004837,0.0010118256653829155,1.2157693129285343e-07,1246.4943470868473,1254.6865234375,4
19-02-2021,MID00257,flirt_tclmoco.nii.gz,0.8719754219055176,25.97034454345703,0.85565584897995,0.0023472558241337538,0.24600940942764282,0.008632661117897017,0.0004649447744832116,6.071629280920185e-08,1218.9256849938713,1222.2685546875,5
19-02-2021,MID00257,flirt_tclmocos.nii.gz,0.8734675049781799,25.984935760498047,0.8607557415962219,0.0020684574265033007,0.24995824694633484,0.008593669889731622,0.0004768339327046525,6.255869281617863e-08,1218.07521878995,1226.212158203125,4
20-11-2020,MID00305,flirt_fnWMmoco.nii.gz,0.9894834756851196,42.302608489990234,0.9511827230453491,0.6458990573883057,0.12621261179447174,0.00901662928602214,0.0011367307517468632,1.4680180744313474e-07,1240.2987278406436,1254.627685546875,4
20-11-2020,MID00305,flirt_fnmoco.nii.gz,0.9894852042198181,42.135948181152344,0.9509366154670715,0.6121084690093994,0.12688034772872925,0.009017658470221806,0.0011380445676753975,1.4718722334866938e-07,1239.869909291059,1252.73193359375,4
20-11-2020,MID00305,flirt_nomoco.nii.gz,1.0,inf,1.0,0.9999998807907104,0.0,0.00900986382880079,0.0010495876113021526,1.362676970109746e-07,1249.6178741283206,1238.5911865234375,Not Found
20-11-2020,MID00305,flirt_ref.nii.gz,1.0,inf,1.0,0.9999998807907104,0.0,0.00900986382880079,0.0010495876113021526,1.362676970109746e-07,1249.6178741283206,1238.5911865234375,4
20-11-2020,MID00305,flirt_tclmoco.nii.gz,0.9224913716316223,32.604248046875,0.8650389909744263,0.03718320652842522,0.2413327991962433,0.008840033280438458,0.0006835299169861375,8.953351408911612e-08,1237.3482098251784,1239.014892578125,4
20-11-2020,MID00305,flirt_tclmocos.nii.gz,0.9263167977333069,33.62677764892578,0.8536228537559509,0.04146229475736618,0.2247304618358612,0.008925125614629353,0.000685809464007651,8.933471200299369e-08,1239.4304386531558,1238.579833984375,4
20-11-2020,MID00306,flirt_fnWMmoco.nii.gz,0.49284255504608154,22.6297607421875,0.8096991777420044,0.012328590266406536,0.4044601619243622,0.00842217356907149,0.005870200489159486,6.174525367166384e-07,1097.7738737506743,1192.394287109375,2
20-11-2020,MID00306,flirt_fnmoco.nii.gz,0.5050925016403198,23.318395614624023,0.8273808360099792,0.01149703748524189,0.37979480624198914,0.008351917549692764,0.0058151950530375635,6.560241042075278e-07,1106.93899313689,1195.13427734375,2
20-11-2020,MID00306,flirt_nomoco.nii.gz,0.5546867847442627,23.698505401611328,0.8211933970451355,0.013584963046014309,0.3656410574913025,0.008784916509197478,0.006632920108632876,7.91176646827271e-07,1099.9842358183537,1189.4090576171875,2
20-11-2020,MID00306,flirt_ref.nii.gz,1.0,inf,1.0,0.9999998807907104,0.0,0.00900986382880079,0.0010495876113021526,1.362676970109746e-07,1249.6178741283206,1238.5911865234375,4
20-11-2020,MID00306,flirt_tclmoco.nii.gz,0.4731141924858093,21.788406372070312,0.7978354096412659,0.011479065753519535,0.39747148752212524,0.007484006456571445,0.004050591373248235,4.0213986534091076e-07,1097.0092560276628,1199.863037109375,2
20-11-2020,MID00306,flirt_tclmocos.nii.gz,0.4773666262626648,21.83672332763672,0.7976080775260925,0.013315830379724503,0.4074384868144989,0.007642137435429203,0.0039806881612717065,3.9607480638104395e-07,1100.1818022361874,1191.242919921875,2
20-11-2020,MID00308,flirt_fnWMmoco.nii.gz,0.7440199255943298,26.115495681762695,0.8317211270332336,0.003268857952207327,0.25497448444366455,0.008440152334196756,0.0007465145373448183,9.960275175685319e-08,1201.9775512658332,1228.8690185546875,2
20-11-2020,MID00308,flirt_fnmoco.nii.gz,0.7528923749923706,25.916027069091797,0.8295654654502869,0.004172383341938257,0.25480473041534424,0.008462273064859447,0.0007780662799717987,1.0477779085724795e-07,1212.2246349706306,1222.6451416015625,2
20-11-2020,MID00308,flirt_nomoco.nii.gz,0.7110788822174072,25.258237838745117,0.8309817910194397,0.0033888553734868765,0.265014111995697,0.008504021783057597,0.0009289445021769667,1.279238075558622e-07,1213.4616417710015,1236.16015625,2
20-11-2020,MID00308,flirt_ref.nii.gz,1.0,inf,1.0,0.9999998807907104,0.0,0.00900986382880079,0.0010495876113021526,1.362676970109746e-07,1249.6178741283206,1238.5911865234375,4
20-11-2020,MID00308,flirt_tclmoco.nii.gz,0.7326898574829102,26.071557998657227,0.8672887086868286,0.003158820793032646,0.2735384404659271,0.008049576244604293,0.0007756601483619273,1.032338269896513e-07,1212.2127382573676,1228.9805908203125,3
20-11-2020,MID00308,flirt_tclmocos.nii.gz,0.7439951300621033,26.085786819458008,0.8602961897850037,0.003631326137110591,0.2624472975730896,0.00821520682413502,0.0009071712478843204,1.2201196036602184e-07,1215.0063720485596,1246.6175537109375,3
20-11-2020,MID00309,flirt_fnWMmoco.nii.gz,0.7301185131072998,26.70240020751953,0.8228151798248291,0.005105402320623398,0.2907102108001709,0.008410639842906471,0.0010233993005784128,1.3142211268530652e-07,1177.4911716494094,1193.9237060546875,2
20-11-2020,MID00309,flirt_fnmoco.nii.gz,0.7397661805152893,26.850914001464844,0.8299800157546997,0.004776427522301674,0.2746717929840088,0.008519311912600636,0.00118079753467766,1.5421329318182826e-07,1190.1265259238382,1194.5894775390625,2
20-11-2020,MID00309,flirt_nomoco.nii.gz,0.695205807685852,23.75632095336914,0.8346354365348816,0.004168979823589325,0.29010143876075745,0.008166172209314222,0.0015857623168023527,2.2053765129888576e-07,1191.409699641937,1196.4661865234375,1
20-11-2020,MID00309,flirt_ref.nii.gz,1.0,inf,1.0,0.9999998807907104,0.0,0.00900986382880079,0.0010495876113021526,1.362676970109746e-07,1249.6178741283206,1238.5911865234375,4
20-11-2020,MID00309,flirt_tclmoco.nii.gz,0.7182969450950623,26.36041831970215,0.8676648139953613,0.004754543304443359,0.3005959391593933,0.008168624746995205,0.0010920369936831527,1.4002458928292923e-07,1174.5519189640772,1200.55615234375,3
20-11-2020,MID00309,flirt_tclmocos.nii.gz,0.7266862392425537,26.426349639892578,0.8656619787216187,0.0042070443741977215,0.30324071645736694,0.008130169810139027,0.0010546511525743954,1.3586979361151687e-07,1174.0684396753695,1196.12060546875,3
23-02-2021,MID00296,flirt_fnWMmoco.nii.gz,0.9747155904769897,42.643280029296875,0.4980049729347229,0.7557973861694336,0.2934874892234802,0.009120963244658796,0.0010596924000860041,1.6416226897308114e-07,1248.8646284383876,1259.64208984375,4
23-02-2021,MID00296,flirt_fnmoco.nii.gz,0.9761230945587158,42.81964874267578,0.49808403849601746,0.7514413595199585,0.2931714653968811,0.009100045044159791,0.0010582571512474028,1.6383413327374328e-07,1248.3619037733167,1255.4951171875,4
23-02-2021,MID00296,flirt_nomoco.nii.gz,1.0,inf,1.0,0.9999998807907104,0.0,0.009051447922390508,0.00015315661845922914,2.3940800620992807e-08,1249.4957197618685,1419.565185546875,Not Found
23-02-2021,MID00296,flirt_ref.nii.gz,1.0,inf,1.0,0.9999998807907104,0.0,0.009051447922390508,0.00015315661845922914,2.3940800620992807e-08,1249.4957197618685,1419.565185546875,4
23-02-2021,MID00296,flirt_tclmoco.nii.gz,0.9185616970062256,33.00137710571289,0.5234065055847168,0.007786072790622711,0.2203010618686676,0.009096374722703096,0.0002762818209347754,4.392701831386121e-08,1231.4543344884723,1280.0987548828125,3
23-02-2021,MID00296,flirt_tclmocos.nii.gz,0.913790762424469,34.666690826416016,0.5541881322860718,0.060278963297605515,0.19663134217262268,0.009029846627121644,0.0007973085887006577,1.28960944319926e-07,1231.3658213807178,1245.0323486328125,4
23-02-2021,MID00297,flirt_fnWMmoco.nii.gz,0.6041768193244934,25.267433166503906,0.5812440514564514,0.0057084341533482075,0.34057506918907166,0.008934548265064767,0.0015929930209926712,2.3381251509867475e-07,1106.3275817804156,1165.7733154296875,2
23-02-2021,MID00297,flirt_fnmoco.nii.gz,0.6041791439056396,25.300277709960938,0.5774968862533569,0.005716635379940271,0.3442903161048889,0.008843926465241443,0.0015953741650850443,2.3717949442357886e-07,1109.1432851871145,1171.1864013671875,2
23-02-2021,MID00297,flirt_nomoco.nii.gz,0.6728980541229248,26.513504028320312,0.5946136713027954,0.006287070456892252,0.2976859211921692,0.009066424333021253,0.0018990125074253542,3.10854232207679e-07,1114.7560644424268,1175.241455078125,2
23-02-2021,MID00297,flirt_ref.nii.gz,1.0,inf,1.0,0.9999998807907104,0.0,0.009051447922390508,0.00015315661845922914,2.3940800620992807e-08,1249.4957197618685,1419.565185546875,5
23-02-2021,MID00297,flirt_tclmoco.nii.gz,0.5773151516914368,24.039047241210938,0.6416851878166199,0.008029935881495476,0.3653867244720459,0.008812505407556334,0.0017481977235150542,2.3662460509557283e-07,1109.942308477866,1169.31298828125,2
23-02-2021,MID00297,flirt_tclmocos.nii.gz,0.5764584541320801,24.03334617614746,0.5896874070167542,0.006531075108796358,0.36763107776641846,0.008729964120651145,0.0016389568284204863,2.2019659214022146e-07,1104.0421047014547,1161.767333984375,2
23-02-2021,MID00299,flirt_fnWMmoco.nii.gz,0.5417128205299377,24.425670623779297,0.613381028175354,0.011468411423265934,0.3663507401943207,0.00899836123392414,0.004050949467631798,5.728630358976039e-07,1053.6387285354128,1153.614990234375,2
23-02-2021,MID00299,flirt_fnmoco.nii.gz,0.5383621454238892,24.24852180480957,0.6054700016975403,0.010896950028836727,0.36553850769996643,0.008945115743139593,0.00384390308380005,5.447808517818588e-07,1055.9642946021495,1158.281982421875,2
23-02-2021,MID00299,flirt_nomoco.nii.gz,0.5910558700561523,24.877893447875977,0.6410748362541199,0.013488217256963253,0.35026177763938904,0.008867167060847366,0.004718656896810544,6.945259630917029e-07,1052.2472238221767,1147.9356689453125,2
23-02-2021,MID00299,flirt_ref.nii.gz,1.0,inf,1.0,0.9999998807907104,0.0,0.009051447922390508,0.00015315661845922914,2.3940800620992807e-08,1249.4957197618685,1419.565185546875,4
23-02-2021,MID00299,flirt_tclmoco.nii.gz,0.5050361752510071,22.932632446289062,0.703953742980957,0.016729755327105522,0.38577714562416077,0.0085924785760482,0.004387211826301611,5.625670994609713e-07,1060.9906396910455,1156.4783935546875,2
23-02-2021,MID00299,flirt_tclmocos.nii.gz,0.5055810213088989,22.72199249267578,0.6463518738746643,0.012845401652157307,0.3888850212097168,0.008547195939956464,0.004161868716745175,5.318281776797298e-07,1051.0436234371782,1157.41455078125,2
23-11-2020,MID00384,flirt_fnWMmoco.nii.gz,0.9782741069793701,39.729610443115234,0.6642892956733704,3.886296326527372e-06,0.16876502335071564,0.00823119815716395,0.0001927149370767823,2.7213967782372703e-08,1233.2113729889659,1419.565673828125,4
23-11-2020,MID00384,flirt_fnmoco.nii.gz,0.9731124639511108,40.50655746459961,0.6642943620681763,6.108856476227942e-12,0.17651495337486267,0.008227105425336412,0.00020819761403309463,2.905931101924691e-08,1241.8684355654125,1419.5655517578125,4
23-11-2020,MID00384,flirt_nomoco.nii.gz,1.0,inf,1.0,0.9999997615814209,0.0,0.008066030913984118,0.0007012547736026453,9.8810324049317e-08,1240.1477129563254,1246.003173828125,Not Found
23-11-2020,MID00384,flirt_ref.nii.gz,1.0,inf,1.0,0.9999997615814209,0.0,0.008066030913984118,0.0007012547736026453,9.8810324049317e-08,1240.1477129563254,1246.003173828125,4
23-11-2020,MID00384,flirt_tclmoco.nii.gz,0.9665126204490662,35.840633392333984,0.8999565839767456,0.21082040667533875,0.17690376937389374,0.008119764685258402,0.001038689717337067,1.4656200013925178e-07,1230.4631069920456,1230.79052734375,4
23-11-2020,MID00384,flirt_tclmocos.nii.gz,0.9736056923866272,36.5068244934082,0.6642816066741943,6.108856476227942e-12,0.16778768599033356,0.008062865534080943,0.00018193352112115318,2.580340695925255e-08,1233.1835661862078,1419.565673828125,4
23-11-2020,MID00385,flirt_fnWMmoco.nii.gz,0.6627474427223206,27.789173126220703,0.8787820339202881,0.03055424429476261,0.29710817337036133,0.0073850334786119635,0.002574093912588704,3.462826779543238e-07,1120.521102904362,1163.587646484375,2
23-11-2020,MID00385,flirt_fnmoco.nii.gz,0.6722065806388855,28.036827087402344,0.8889628052711487,0.030611708760261536,0.284278929233551,0.007468421312734902,0.0026438402468234516,3.6113001337674834e-07,1120.8982690146502,1167.699462890625,2
23-11-2020,MID00385,flirt_nomoco.nii.gz,0.7070477604866028,27.95421600341797,0.8712776899337769,0.031112568452954292,0.2629627287387848,0.007410176765790622,0.0025138838237898117,3.5560995509551153e-07,1111.048322654456,1159.9677734375,2
23-11-2020,MID00385,flirt_ref.nii.gz,1.0,inf,1.0,0.9999997615814209,0.0,0.008066030913984118,0.0007012547736026453,9.8810324049317e-08,1240.1477129563254,1246.003173828125,4
23-11-2020,MID00385,flirt_tclmoco.nii.gz,0.6059907674789429,26.009721755981445,0.7820068597793579,0.0031010410748422146,0.3308863639831543,0.007601319226234007,0.0028410446118941647,3.4794139954259334e-07,1116.0254732519784,1170.630615234375,2
23-11-2020,MID00385,flirt_tclmocos.nii.gz,0.6126585006713867,26.085453033447266,0.8490496277809143,0.03011801280081272,0.32326540350914,0.007283277345584041,0.0028753694280226156,3.5396697132922933e-07,1108.698490243509,1175.1392822265625,2
23-11-2020,MID00387,flirt_fnWMmoco.nii.gz,0.7799535393714905,27.449064254760742,0.8932637572288513,0.006625487003475428,0.2504834532737732,0.007221694427031416,0.00069530978388694,9.843056742582645e-08,1206.226855872285,1232.879638671875,3
23-11-2020,MID00387,flirt_fnmoco.nii.gz,0.7689477205276489,27.44401741027832,0.8719491362571716,0.007504837121814489,0.2651872932910919,0.007225264050306455,0.0006960485529566278,1.0226144870559878e-07,1211.091317633724,1251.0589599609375,3
23-11-2020,MID00387,flirt_nomoco.nii.gz,0.7117701768875122,25.756397247314453,0.8267200589179993,0.0065932925790548325,0.29526007175445557,0.007161823676735239,0.0006145086173545991,9.25443683612393e-08,1204.2587251652071,1219.831787109375,2
23-11-2020,MID00387,flirt_ref.nii.gz,1.0,inf,1.0,0.9999997615814209,0.0,0.008066030913984118,0.0007012547736026453,9.8810324049317e-08,1240.1477129563254,1246.003173828125,4
23-11-2020,MID00387,flirt_tclmoco.nii.gz,0.7628684043884277,27.013790130615234,0.8921508193016052,0.00752950320020318,0.26476573944091797,0.007095293964813425,0.0007909069052507453,1.0708043441861724e-07,1207.7206858345194,1228.4971923828125,3
23-11-2020,MID00387,flirt_tclmocos.nii.gz,0.7731801867485046,27.115619659423828,0.8925849199295044,0.007422483991831541,0.26857542991638184,0.007081006354277317,0.0007848114103281708,1.0686501459290358e-07,1208.1129718670331,1225.281005859375,3
23-11-2020,MID00388,flirt_fnWMmoco.nii.gz,0.5596377849578857,23.834169387817383,0.7989124059677124,0.0012633049627766013,0.3848910927772522,0.006793812028878627,0.002405089590440098,2.9051410471309706e-07,1156.549611355451,1217.699951171875,2
23-11-2020,MID00388,flirt_fnmoco.nii.gz,0.5582298040390015,24.147964477539062,0.797357439994812,0.0010630261385813355,0.3887968063354492,0.006760908287054545,0.0025062993546308672,3.2717760324268424e-07,1140.1580311623848,1226.0650634765625,2
23-11-2020,MID00388,flirt_nomoco.nii.gz,0.4658326208591461,22.41960906982422,0.7622889280319214,0.03701122850179672,0.416414737701416,0.006699385628205172,0.003538307088397848,4.792776225226916e-07,1154.465876046568,1221.796630859375,1
23-11-2020,MID00388,flirt_ref.nii.gz,1.0,inf,1.0,0.9999997615814209,0.0,0.008066030913984118,0.0007012547736026453,9.8810324049317e-08,1240.1477129563254,1246.003173828125,4
23-11-2020,MID00388,flirt_tclmoco.nii.gz,0.5454578995704651,23.368480682373047,0.8021612763404846,0.0019516025204211473,0.3960076868534088,0.006057001951825107,0.00255494937488318,3.014349595509579e-07,1154.2594359911504,1222.175537109375,2
23-11-2020,MID00388,flirt_tclmocos.nii.gz,0.5492668151855469,23.409025192260742,0.7962442636489868,0.001422310364432633,0.3876528739929199,0.006009888821290765,0.0026940065295919806,3.2063996144561515e-07,1152.0322712393288,1231.21728515625,2
25-02-2021,MID00473,flirt_fnWMmoco.nii.gz,0.9852359294891357,42.09543228149414,0.500190258026123,1.7237386648258357e-12,0.2568296492099762,0.009251540909488709,0.00020160627466801352,3.009925804806649e-08,1219.579698202578,1419.565185546875,4
25-02-2021,MID00473,flirt_fnmoco.nii.gz,0.9911400079727173,42.69496536254883,0.9590086936950684,0.5337142944335938,0.1118156760931015,0.009174909407998245,0.0011553564384648783,1.7257535057822158e-07,1219.5515260808334,1233.2689208984375,4
25-02-2021,MID00473,flirt_nomoco.nii.gz,1.0,inf,1.0,0.9999998807907104,0.0,0.009217660633624364,0.0011855267751681134,1.738441833919555e-07,1230.4097859211236,1225.1864013671875,Not Found
25-02-2021,MID00473,flirt_ref.nii.gz,1.0,inf,1.0,0.9999998807907104,0.0,0.009217660633624364,0.0011855267751681134,1.738441833919555e-07,1230.4097859211236,1225.1864013671875,4
25-02-2021,MID00473,flirt_tclmoco.nii.gz,0.9224732518196106,36.111328125,0.8705219030380249,0.04749976471066475,0.24390128254890442,0.009055624112362997,0.0008589782330010719,1.319689761513488e-07,1215.30054200906,1210.765380859375,3
25-02-2021,MID00473,flirt_tclmocos.nii.gz,0.9290740489959717,34.630157470703125,0.7455496788024902,0.038225818425416946,0.22158358991146088,0.009111671818461856,0.0005206821186591601,7.708424009205839e-08,1212.5468341503097,1241.4434814453125,4
25-02-2021,MID00475,flirt_fnWMmoco.nii.gz,0.5551682114601135,24.05268669128418,0.8257045745849609,0.01668277196586132,0.37283337116241455,0.008404144294366539,0.00472431725556784,6.450335833412998e-07,1121.2995564314347,1222.520751953125,2
25-02-2021,MID00475,flirt_fnmoco.nii.gz,0.5652239918708801,24.151914596557617,0.8261406421661377,0.015053967945277691,0.36749935150146484,0.008448434164424182,0.00483267354092996,6.608424494270042e-07,1121.4677890579187,1220.7039794921875,2
25-02-2021,MID00475,flirt_nomoco.nii.gz,0.5685849189758301,23.868043899536133,0.8025768995285034,0.01433850359171629,0.3832874894142151,0.008323210676311567,0.005610225461726123,8.124893383265651e-07,1110.7497482510232,1220.2891845703125,2
25-02-2021,MID00475,flirt_ref.nii.gz,1.0,inf,1.0,0.9999998807907104,0.0,0.009217660633624364,0.0011855267751681134,1.738441833919555e-07,1230.4097859211236,1225.1864013671875,4
25-02-2021,MID00475,flirt_tclmoco.nii.gz,0.48114898800849915,22.890613555908203,0.8036574721336365,0.016012253239750862,0.4242647588253021,0.007374471036364956,0.005222184271996319,6.798019521420074e-07,1120.6389730306653,1228.0753173828125,1
25-02-2021,MID00475,flirt_tclmocos.nii.gz,0.49078136682510376,23.168075561523438,0.8067039251327515,0.015870120376348495,0.4194936454296112,0.007575970888302557,0.004946151619939719,6.607156333912603e-07,1118.0445783374676,1223.845947265625,2
25-02-2021,MID00476,flirt_fnWMmoco.nii.gz,0.4671546220779419,23.606403350830078,0.8284203410148621,0.016332384198904037,0.3754109740257263,0.008199360629559201,0.006998294614817377,9.230973834683583e-07,1108.9637641414238,1230.6495361328125,3
25-02-2021,MID00476,flirt_fnmoco.nii.gz,0.4682137668132782,23.653173446655273,0.831410825252533,0.01651899516582489,0.3814866542816162,0.008275181057946996,0.006754140962607866,9.052362669460115e-07,1118.1707556487254,1229.97607421875,3
25-02-2021,MID00476,flirt_nomoco.nii.gz,0.5022961497306824,24.311599731445312,0.8288847208023071,0.016483377665281296,0.34810909628868103,0.008618870644839077,0.007439659074139206,1.070727665000821e-06,1131.620439252895,1226.9599609375,2
25-02-2021,MID00476,flirt_ref.nii.gz,1.0,inf,1.0,0.9999998807907104,0.0,0.009217660633624364,0.0011855267751681134,1.738441833919555e-07,1230.4097859211236,1225.1864013671875,4
25-02-2021,MID00476,flirt_tclmoco.nii.gz,0.39713627099990845,20.757884979248047,0.6984782218933105,0.00902713742107153,0.4431547224521637,0.007602343967711564,0.002752988255693401,3.4662517593264103e-07,1117.0179575362472,1238.5894775390625,2
25-02-2021,MID00476,flirt_tclmocos.nii.gz,0.40581393241882324,20.957918167114258,0.7071091532707214,9.811863492359407e-06,0.43345069885253906,0.007413216346962299,0.001320103936970299,1.6792359792618623e-07,1112.5297060732944,1335.1278076171875,2
25-02-2021,MID00478,flirt_fnWMmoco.nii.gz,0.7602989673614502,26.39940643310547,0.8753243684768677,0.007627981249243021,0.28725284337997437,0.008660303886239094,0.001499050647983584,2.3440923201013696e-07,1180.4505058910047,1247.1553955078125,3
25-02-2021,MID00478,flirt_fnmoco.nii.gz,0.7598090171813965,26.197690963745117,0.8755434155464172,0.007981929928064346,0.2829747200012207,0.008791434986603263,0.0015136542961660924,2.3861058224179703e-07,1181.3420106791068,1247.9632568359375,3
25-02-2021,MID00478,flirt_nomoco.nii.gz,0.7449702620506287,25.781190872192383,0.8579201698303223,0.006172042340040207,0.2598752975463867,0.008606881794350832,0.0013233190802200202,2.1493929331715748e-07,1177.996594091255,1250.724365234375,3
25-02-2021,MID00478,flirt_ref.nii.gz,1.0,inf,1.0,0.9999998807907104,0.0,0.009217660633624364,0.0011855267751681134,1.738441833919555e-07,1230.4097859211236,1225.1864013671875,4
25-02-2021,MID00478,flirt_tclmoco.nii.gz,0.7206799983978271,25.977724075317383,0.8167070150375366,0.00841608364135027,0.28745344281196594,0.008532076842869716,0.0015253388474556352,2.2442128555440802e-07,1188.5167575502442,1257.576416015625,3
25-02-2021,MID00478,flirt_tclmocos.nii.gz,0.7280516624450684,26.188783645629883,0.7449758648872375,0.006990836001932621,0.2943267524242401,0.008508461579528592,0.0011893799385203178,1.7802975369406318e-07,1176.777118871415,1252.647216796875,3
25-11-2020,MID00017,flirt_fnWMmoco.nii.gz,0.992165744304657,44.93253707885742,0.9552372694015503,0.8002155423164368,0.12007082998752594,0.008858686832633455,0.10051194408599484,1.1001352922089565e-05,672.2846408239512,856.026123046875,4
25-11-2020,MID00017,flirt_fnmoco.nii.gz,0.9913702011108398,44.643280029296875,0.9559078216552734,0.8439276218414307,0.11798684298992157,0.009007757252105496,0.10278033215656698,1.109050461319522e-05,672.8243848958564,856.2302856445312,5
25-11-2020,MID00017,flirt_nomoco.nii.gz,1.0,inf,1.0,0.9999998211860657,0.0,0.009043471948239958,0.10363203258890026,1.1177681988811444e-05,672.209172164851,855.0491943359375,Not Found
25-11-2020,MID00017,flirt_ref.nii.gz,1.0,inf,1.0,0.9999998211860657,0.0,0.009043471948239958,0.10363203258890026,1.1177681988811444e-05,672.209172164851,855.0491943359375,5
25-11-2020,MID00017,flirt_tclmoco.nii.gz,0.9702135324478149,31.898630142211914,0.812109649181366,0.1448683887720108,0.22821193933486938,0.00853674455084808,0.006386577358492979,7.095628876056527e-07,678.4125714288281,1054.2767333984375,4
25-11-2020,MID00017,flirt_tclmocos.nii.gz,0.9790745973587036,31.90827178955078,0.7634505033493042,0.203572615981102,0.21281450986862183,0.008653870945268332,0.0066360591082651995,7.365786556496597e-07,678.9869720698838,1066.920654296875,4
25-11-2020,MID00018,flirt_fnWMmoco.nii.gz,0.7433239817619324,27.850261688232422,0.7191516160964966,0.001642699004150927,0.2902712821960449,0.00802746428945137,0.008523837831747219,9.833209114903579e-07,712.5394827465119,911.6103515625,3
25-11-2020,MID00018,flirt_fnmoco.nii.gz,0.768919825553894,28.05805206298828,0.738670289516449,0.025769691914319992,0.26926153898239136,0.008019837201361235,0.011478870593815256,1.327265965669161e-06,706.2918007497742,1149.2572021484375,3
25-11-2020,MID00018,flirt_nomoco.nii.gz,0.8001317381858826,27.76807403564453,0.8163468241691589,0.027810003608465195,0.24817568063735962,0.007700621512919154,0.03250046794160854,3.875230788842168e-06,709.134538846646,907.2368774414062,3
25-11-2020,MID00018,flirt_ref.nii.gz,1.0,inf,1.0,0.9999998211860657,0.0,0.009043471948239958,0.10363203258890026,1.1177681988811444e-05,672.209172164851,855.0491943359375,4
25-11-2020,MID00018,flirt_tclmoco.nii.gz,0.6633850932121277,27.01116943359375,0.8551231026649475,0.007314029149711132,0.32442378997802734,0.007970298936499406,0.013222714899155406,1.4528246600479412e-06,738.5983797123092,929.3014526367188,3
25-11-2020,MID00018,flirt_tclmocos.nii.gz,0.6654326319694519,26.922130584716797,0.8538245558738708,0.006150449626147747,0.3273583650588989,0.007794535330234155,0.012332397644626646,1.3694124240165992e-06,736.6528652858422,928.006591796875,3
25-11-2020,MID00020,flirt_fnWMmoco.nii.gz,0.8585684895515442,28.00839614868164,0.6890967488288879,0.052534278482198715,0.2505291998386383,0.008020341353969859,0.038167503982084246,4.510036341503922e-06,690.4878226102267,880.6001586914062,3
25-11-2020,MID00020,flirt_fnmoco.nii.gz,0.8630244135856628,28.165903091430664,0.6876652836799622,0.017366252839565277,0.2529061436653137,0.008064066842385894,0.043699325645059336,5.1904288411794924e-06,688.6216914617542,877.8414916992188,3
25-11-2020,MID00020,flirt_nomoco.nii.gz,0.8553565144538879,28.009061813354492,0.6856631636619568,0.019831614568829536,0.24911774694919586,0.008018056411664457,0.06443902115347688,7.69012890255773e-06,692.0046088389443,879.8488159179688,3
25-11-2020,MID00020,flirt_ref.nii.gz,1.0,inf,1.0,0.9999998211860657,0.0,0.009043471948239958,0.10363203258890026,1.1177681988811444e-05,672.209172164851,855.0491943359375,4
25-11-2020,MID00020,flirt_tclmoco.nii.gz,0.7790753841400146,26.900047302246094,0.7184579372406006,0.0033876735251396894,0.28766849637031555,0.00813223862446619,0.016067508300299058,1.7458024622693462e-06,715.9856090959179,898.5559692382812,3
25-11-2020,MID00020,flirt_tclmocos.nii.gz,0.7841692566871643,27.228580474853516,0.7102015018463135,0.0004581941175274551,0.2767403721809387,0.008060797030815511,0.007675361203510421,8.4328578630259e-07,715.0113470059587,896.0711059570312,4
26-10-2020,MID00398,flirt_fnWMmoco.nii.gz,0.990586519241333,43.714996337890625,0.9583078622817993,0.8561573624610901,0.11519135534763336,0.008890554440991849,0.0013152965559635036,1.6144402103399325e-07,1247.0573541685187,1254.38232421875,5
26-10-2020,MID00398,flirt_fnmoco.nii.gz,0.9908745884895325,43.61360549926758,0.9582982659339905,0.8464667201042175,0.11503957211971283,0.008900070195617553,0.001314048086982946,1.6142689492141024e-07,1247.262829162197,1252.8306884765625,5
26-10-2020,MID00398,flirt_nomoco.nii.gz,1.0,inf,1.0,0.9999998807907104,0.0,0.008907134331809815,0.0012152673497495478,1.5284877241744522e-07,1240.9930614389782,1248.323486328125,Not Found
26-10-2020,MID00398,flirt_ref.nii.gz,1.0,inf,1.0,0.9999998807907104,0.0,0.008907134331809815,0.0012152673497495478,1.5284877241744522e-07,1240.9930614389782,1248.323486328125,5
26-10-2020,MID00398,flirt_tclmoco.nii.gz,0.9785674214363098,40.03909683227539,0.4942200183868408,1.8173528003664896e-12,0.25106245279312134,0.008923441214319565,0.00020530249726868796,2.5364391687802648e-08,1239.6407480789894,1419.5655517578125,4
26-10-2020,MID00398,flirt_tclmocos.nii.gz,0.9780241250991821,40.34363555908203,0.4942200481891632,1.8173528003664896e-12,0.25106167793273926,0.008886329080204909,0.00019126242581219254,2.3788596082135702e-08,1241.0972588106142,1419.5655517578125,5
26-10-2020,MID00402,flirt_fnWMmoco.nii.gz,0.6672553420066833,21.760833740234375,0.726779043674469,0.001912269159220159,0.28246480226516724,0.008293619778137354,0.00046309585221134995,5.675539268801952e-08,1163.6735776365317,1194.093505859375,2
26-10-2020,MID00402,flirt_fnmoco.nii.gz,0.6691584587097168,21.57390785217285,0.7253772616386414,0.0004028906696476042,0.284306138753891,0.008028182702162712,0.0003791957152669347,4.6194644663735775e-08,1167.329790879181,1211.504638671875,2
26-10-2020,MID00402,flirt_nomoco.nii.gz,0.6259236335754395,21.31170082092285,0.7794265151023865,0.004134975373744965,0.3002151846885681,0.007750872364633326,0.001066588916966059,1.3512800330200632e-07,1173.6942592243179,1219.2176513671875,2
26-10-2020,MID00402,flirt_ref.nii.gz,1.0,inf,1.0,0.9999998807907104,0.0,0.008907134331809815,0.0012152673497495478,1.5284877241744522e-07,1240.9930614389782,1248.323486328125,4
26-10-2020,MID00402,flirt_tclmoco.nii.gz,0.6548085808753967,21.646484375,0.7148844003677368,0.00017955873045139015,0.2862425446510315,0.00814156569982551,0.00020679801860621873,2.4410641966159384e-08,1164.8645832021343,1296.979736328125,3
26-10-2020,MID00402,flirt_tclmocos.nii.gz,0.6605798006057739,21.686100006103516,0.7186343669891357,0.000198621884919703,0.2923588454723358,0.00816207013030785,0.0002566253123391614,3.016505267513438e-08,1164.806054442257,1232.0806884765625,3
26-10-2020,MID00403,flirt_fnWMmoco.nii.gz,0.5705202221870422,21.12032127380371,0.7246522903442383,0.005153524689376354,0.3580535650253296,0.008022903915410263,0.0014325710675530065,1.6539542723034076e-07,1123.5488740535536,1199.025390625,2
26-10-2020,MID00403,flirt_fnmoco.nii.gz,0.5522779226303101,20.789875030517578,0.7179067134857178,0.007003450766205788,0.35784053802490234,0.008092367387471638,0.001575014556024913,1.8048458109355498e-07,1123.5591575529234,1207.279052734375,2
26-10-2020,MID00403,flirt_nomoco.nii.gz,0.4793205261230469,20.84619903564453,0.7471106052398682,0.010312190279364586,0.37982094287872314,0.007679152752066821,0.0032217305272479874,3.790740074402074e-07,1128.7036417626075,1201.516357421875,1
26-10-2020,MID00403,flirt_ref.nii.gz,1.0,inf,1.0,0.9999998807907104,0.0,0.008907134331809815,0.0012152673497495478,1.5284877241744522e-07,1240.9930614389782,1248.323486328125,4
26-10-2020,MID00403,flirt_tclmoco.nii.gz,0.578864574432373,20.994525909423828,0.7404929399490356,0.005416343454271555,0.3484729528427124,0.007963012317153741,0.0023091233340767053,2.5945192076700415e-07,1117.894245628892,1203.5526123046875,2
26-10-2020,MID00403,flirt_tclmocos.nii.gz,0.5919809937477112,21.1153621673584,0.7458156943321228,0.006625565700232983,0.3410521149635315,0.007785016931442791,0.002436458637121315,2.749223702270282e-07,1117.3719227584777,1203.99462890625,3
26-11-2020,MID00032,flirt_fnWMmoco.nii.gz,0.9650771617889404,21.481346130371094,0.5277552604675293,6.519112506764291e-13,0.27797842025756836,0.008402753448411949,0.05457424469647706,7.1508891378405585e-06,663.3925783837664,1419.565185546875,5
26-11-2020,MID00032,flirt_fnmoco.nii.gz,0.9802237153053284,37.78388214111328,0.9650289416313171,0.4545024335384369,0.1135081797838211,0.0083997376316993,0.29681128692747155,3.8780775520385274e-05,662.3963909055346,870.6314697265625,5
26-11-2020,MID00032,flirt_nomoco.nii.gz,1.0,inf,1.0,0.9999999403953552,0.0,0.008322471348851935,0.29480138074997814,3.760677765789175e-05,664.2052537416112,870.5938110351562,Not Found
26-11-2020,MID00032,flirt_ref.nii.gz,1.0,inf,1.0,0.9999999403953552,0.0,0.008322471348851935,0.29480138074997814,3.760677765789175e-05,664.2052537416112,870.5938110351562,4
26-11-2020,MID00032,flirt_tclmoco.nii.gz,0.8623192310333252,21.47386360168457,0.7388275861740112,0.0008930779877118766,0.2680884301662445,0.0070056553740341625,0.04140831331010054,5.345295459527259e-06,736.6010492663197,1066.696044921875,3
26-11-2020,MID00032,flirt_tclmocos.nii.gz,0.8880522847175598,21.474626541137695,0.7430095076560974,0.0010088789276778698,0.26394712924957275,0.006923008675748056,0.04296166170617753,5.626672281560344e-06,727.6703374831583,1119.546630859375,3
26-11-2020,MID00033,flirt_fnWMmoco.nii.gz,0.7680026292800903,20.96179962158203,0.853661835193634,0.004360492341220379,0.2801997661590576,0.00780648936962812,0.03348329073612924,4.2004510775847095e-06,709.8725000815267,926.406005859375,3
26-11-2020,MID00033,flirt_fnmoco.nii.gz,0.7784412503242493,20.96318244934082,0.8558692932128906,0.003989531192928553,0.2753749489784241,0.007835179363994494,0.03332239169779968,4.246902195988953e-06,706.2471073781309,921.4152221679688,3
26-11-2020,MID00033,flirt_nomoco.nii.gz,0.7677951455116272,20.95433807373047,0.8697901964187622,0.003208660054951906,0.25055623054504395,0.007895709474887023,0.04183185315852174,5.524377363954535e-06,698.2338764396228,916.5763549804688,3
26-11-2020,MID00033,flirt_ref.nii.gz,1.0,inf,1.0,0.9999999403953552,0.0,0.008322471348851935,0.29480138074997814,3.760677765789175e-05,664.2052537416112,870.5938110351562,4
26-11-2020,MID00033,flirt_tclmoco.nii.gz,0.7054066061973572,20.830734252929688,0.8484711647033691,0.009677832014858723,0.3241017162799835,0.007204527520765155,0.04700932095114392,5.385919326354131e-06,774.8582850204307,951.89501953125,3
26-11-2020,MID00033,flirt_tclmocos.nii.gz,0.7151071429252625,21.01957130432129,0.8119212985038757,0.017263727262616158,0.3140050172805786,0.007298507896744342,0.09870003408660047,1.143615889124778e-05,764.3800564565569,950.875244140625,3
26-11-2020,MID00035,flirt_fnWMmoco.nii.gz,0.8165562152862549,20.950389862060547,0.748243510723114,0.004273835103958845,0.29988715052604675,0.007649154808279517,0.023206667241036857,3.024454481886126e-06,708.8951474423799,908.9722900390625,3
26-11-2020,MID00035,flirt_fnmoco.nii.gz,0.8178999423980713,20.954090118408203,0.7479540705680847,0.003618330229073763,0.29800522327423096,0.007636795842518858,0.018682624318362158,2.4353906434101804e-06,706.6786462685534,908.3720703125,3
26-11-2020,MID00035,flirt_nomoco.nii.gz,0.7662758827209473,20.96322250366211,0.7258078455924988,4.1917263930713045e-12,0.2824254631996155,0.007456640898953588,0.029274439072235682,3.8579648779386105e-06,713.6290856857048,1417.966064453125,2
26-11-2020,MID00035,flirt_ref.nii.gz,1.0,inf,1.0,0.9999999403953552,0.0,0.008322471348851935,0.29480138074997814,3.760677765789175e-05,664.2052537416112,870.5938110351562,4
26-11-2020,MID00035,flirt_tclmoco.nii.gz,0.7805339097976685,20.899871826171875,0.745153546333313,0.008141476660966873,0.3083592355251312,0.00736370893720432,0.034898244035419586,4.322307500094737e-06,741.5692482722529,925.0858764648438,3
26-11-2020,MID00035,flirt_tclmocos.nii.gz,0.7870755791664124,20.83538246154785,0.7504803538322449,0.013105815276503563,0.30292844772338867,0.007432889132036851,0.0448284955125435,5.6361632822793175e-06,736.4154255708811,922.2660522460938,3
26-11-2020,MID00036,flirt_fnWMmoco.nii.gz,0.600858747959137,20.79355239868164,0.7450313568115234,0.006684634368866682,0.3460947871208191,0.007204605139787933,0.014173185068964894,1.6889421428281755e-06,757.8038127862176,961.182861328125,2
26-11-2020,MID00036,flirt_fnmoco.nii.gz,0.6018800139427185,20.873760223388672,0.7422659397125244,0.005749611649662256,0.3487757742404938,0.0072796800698706155,0.009784547825698788,1.1706656592376352e-06,756.5679397185694,958.531005859375,2
26-11-2020,MID00036,flirt_nomoco.nii.gz,0.5479469895362854,20.972301483154297,0.5324057340621948,6.785809978163138e-13,0.36599552631378174,0.006439897668074141,0.0,0.0,768.2241285552979,1419.565673828125,1
26-11-2020,MID00036,flirt_ref.nii.gz,1.0,inf,1.0,0.9999999403953552,0.0,0.008322471348851935,0.29480138074997814,3.760677765789175e-05,664.2052537416112,870.5938110351562,4
26-11-2020,MID00036,flirt_tclmoco.nii.gz,0.5610406994819641,20.400543212890625,0.7429178953170776,0.017755910754203796,0.37230852246284485,0.0063030258989356346,0.10039375585315358,1.1561259259199624e-05,811.8591703021539,982.4210205078125,2
26-11-2020,MID00036,flirt_tclmocos.nii.gz,0.5797288417816162,20.585201263427734,0.7409206628799438,0.014713573269546032,0.37995341420173645,0.006378750465435122,0.08003122968383108,9.324922636659412e-06,801.3924189182708,978.0911254882812,2
